season,round,delta_adjoe,delta_adjde,delta_sos,seed_gap,delta_win_pct_last10,label
2008,0,-7.52602599013079,-4.907206254910221,-0.027876070340799086,0,0.09999999999999998,0
2008,1,9.925750190111984,13.939987105855977,0.3477339669488957,13,-0.4,1
2008,1,-14.501844584369763,-16.254392817647556,-0.3008034188661577,-15,0.09999999999999998,0
2008,1,-5.136783544520966,2.598107646018832,0.048509429418617356,5,0.19999999999999996,0
2008,1,-7.475433003451585,-3.785278321488434,0.006267572704892421,-5,0.0,0
2008,1,3.4035800097183824,6.225996165910502,0.04950440813636947,7,-0.30000000000000004,1
2008,1,-6.551723744211884,-3.458620906892321,-0.15183521071161732,-7,-0.09999999999999998,0
2008,1,-14.011695816656996,3.1260838346541675,-0.18665674760243672,-9,0.0,0
2008,1,5.822400056790457,-9.131479894672907,-0.010054553734405114,-5,-0.29999999999999993,0
2008,1,5.195653001566498,13.744809798373069,0.3347756462466624,11,-0.4,1
2008,1,-6.096928050479804,1.2685477562795597,-0.11876111764837305,1,0.4,0
2008,1,-26.206425888362602,-17.61434368181098,-0.38057291579167885,-15,-0.09999999999999998,0
2008,1,-2.8621145599089033,0.3113467815966402,-0.05558602137452939,-1,0.09999999999999998,0
2008,1,-16.953475566868164,-0.9541954518779505,-0.21382786956687927,-9,0.10000000000000009,0
2008,1,-1.6380436483943157,2.826052741678879,-0.06009648114364319,3,0.29999999999999993,1
2008,1,-3.3515810523333442,-16.322163040704936,-0.26539106811279106,-11,-0.09999999999999998,0
2008,1,12.36654966818088,1.3237172024125812,0.006456424421621865,11,0.30000000000000004,1
2008,1,-3.2714021447574453,0.354968196199394,0.016750231514471636,-1,-0.09999999999999998,1
2008,1,3.660198433552381,4.5958141082378035,0.1414853227245535,3,0.09999999999999998,1
2008,1,-2.0145396211294297,-1.5764199533489176,0.023099925861370774,3,-0.19999999999999996,0
2008,1,2.5408253708662016,19.664056500670867,0.2853487065792604,13,-0.09999999999999998,1
2008,1,-6.186395253827982,-15.740333678165342,-0.2671629404683939,-11,0.0,0
2008,1,16.77014643752979,16.806191336554278,0.29181728816789376,15,0.4,1
2008,1,4.040729074883316,-2.1849325160252846,0.1481480014104346,3,0.0,1
2008,1,-10.21167281361329,10.515511997873432,-0.04789764654272455,1,0.19999999999999996,1
2008,1,23.728282128506393,8.031173839650094,0.33455116044947436,15,0.19999999999999996,1
2008,1,-6.408506950436234,5.8992162316421,0.06815715251338084,5,0.19999999999999996,1
2008,1,-14.842223270024618,0.6768696704383785,-0.1386004676936996,-9,0.10000000000000009,1
2008,1,-4.47269560414847,-1.337292332022713,-0.1747553225770807,-9,0.10000000000000009,1
2008,1,9.161376177771245,12.726172418632629,0.28691097076562205,13,-0.09999999999999998,1
2008,1,-18.200280532891426,-8.84998103369061,-0.33166583386756954,-13,0.09999999999999998,0
2008,1,5.3431205847627155,3.0855642848217997,-0.0022156380448055124,7,0.09999999999999998,0
2008,1,-9.54020117446322,2.212562283276654,-0.12966121300959244,-7,0.20000000000000007,1
2008,2,12.474597997283624,8.4326186788402,0.10444079701087305,7,0.0,1
2008,2,-1.5757772012281919,3.2012671861390203,0.01650966357776329,-1,-0.19999999999999996,1
2008,2,1.3388976222050815,-1.2512173388640093,-0.028425110979362844,-3,0.09999999999999998,0
2008,2,4.073785025654999,4.393253167621978,0.017263925533918978,8,0.6,1
2008,2,1.286658951406281,-5.2799224564764415,-0.016209430749464127,-1,0.0,0
2008,2,2.0430275182526003,2.820523235863817,0.045558660718982624,5,-0.09999999999999998,0
2008,2,1.9429983577437469,-8.060842400388225,-0.015878810521782416,-8,-0.6,0
2008,2,-5.48476057842538,2.827025891570557,-0.014230469717674166,-3,-0.10000000000000009,0
2008,2,-1.7721227268590383,3.811261490288686,0.14932934009542087,8,-0.19999999999999996,0
2008,2,4.64058023279884,6.8168742772389805,0.007094853842189552,3,0.10000000000000009,1
2008,2,9.186858283796411,5.0489099890967,-0.012880165697969126,7,0.20000000000000007,1
2008,2,12.096074205656777,2.6321868066148397,0.038872031011196406,8,0.5,1
2008,2,0.3712425374974657,3.2039118470016206,0.11055922427082876,5,-0.09999999999999998,1
2008,2,9.030201431069884,1.3217818068148546,0.04865902395057753,5,0.10000000000000009,1
2008,2,-0.9165678038542353,-5.548500198839491,-0.21619976528666418,-1,0.20000000000000007,0
2008,2,9.7169533356996,-1.2391171322379364,-0.0658090672729813,1,0.09999999999999998,1
2008,3,-2.5526365079368816,5.10384355199902,0.010066759870454911,-1,0.0,1
2008,3,-9.525666058095098,2.0902840408221266,-0.05182526763537887,-3,-0.30000000000000004,0
2008,3,6.400867111482313,8.74312563369972,0.22000122864382043,11,0.09999999999999998,1
2008,3,-1.7453317673891746,0.645609373815617,0.008003102732671352,-4,-0.10000000000000009,0
2008,3,2.1635810198977765,-6.2736067853094255,-0.1459373872745382,-7,0.0,1
2008,3,-13.50769655724396,-7.996110637293725,-0.0024063212617996266,-11,-0.20000000000000007,0
2008,3,2.3448255779976392,6.66681182350024,-0.04712239574410404,4,0.4,1
2008,3,7.806187968736239,-3.979970157695192,0.012704908227260114,1,0.20000000000000007,1
2008,4,-10.809250668076174,5.383206207323525,-0.013019663041840879,-2,-0.19999999999999996,0
2008,4,-0.6252661426970576,-6.558113807626555,-0.01986922798312951,-2,-0.19999999999999996,0
2008,4,-6.635900368914648,-6.155292149986195,-0.16126029618697946,-9,0.19999999999999996,0
2008,4,3.594271262691734,-7.793713930643321,0.04912289631385236,-1,-0.09999999999999998,0
2008,5,1.5374323044896556,-6.382973818208399,0.022807135968152648,0,0.19999999999999996,0
2008,5,-0.8132252109925702,-0.7585284920546371,0.03828520613498687,0,0.09999999999999998,0
2008,6,-4.376993480482156,-0.49721853672818384,-0.04943636427411435,0,0.09999999999999998,0
2009,0,-2.1145430727479635,-0.47030737089559693,-0.15835093148534052,0,0.30000000000000004,0
2009,1,13.222666546603776,20.843388891503736,0.2680335653173156,15,0.0,1
2009,1,16.03474540596521,8.97757614861328,0.344075319540033,13,-0.19999999999999996,1
2009,1,-14.022157674366994,-3.0920945633188666,-0.12194965218832765,-9,-0.20000000000000007,0
2009,1,2.3110670272919975,-1.5432518261974195,0.03483188644526969,1,0.0,1
2009,1,-6.4290787377794345,3.178402652287545,0.006979617788852477,-3,-0.09999999999999998,1
2009,1,10.188764072538504,12.845066318197283,0.1257095329134933,13,0.30000000000000004,1
2009,1,-5.191665501775347,0.3987522997417585,0.07086018992321674,-3,0.09999999999999998,1
2009,1,-23.77722045870614,-9.146510277083408,-0.3307103237652701,-15,0.09999999999999998,0
2009,1,19.63872246198183,4.502602340498868,0.34366306902358745,13,-0.30000000000000004,1
2009,1,-0.7286320316426185,-11.206191151087367,-0.09001273426535839,-7,-0.09999999999999998,0
2009,1,5.858120950465619,-0.9817717844636462,0.022833629444049763,3,0.19999999999999996,1
2009,1,-0.291123025277642,-4.31102178598141,0.05591114057621971,-1,-0.20000000000000007,1
2009,1,11.61344802765143,0.21904518504811676,0.18130691203625104,5,-0.20000000000000007,1
2009,1,-10.375263855395204,-8.717789500799029,-0.3250884560672297,-11,0.30000000000000004,0
2009,1,3.9306690370788004,-13.684259192233867,-0.1901857992711543,-7,0.30000000000000004,1
2009,1,-4.2262587478623885,-5.212652085077281,-0.07950241241460698,-9,-0.10000000000000009,0
2009,1,8.22653974363537,-8.379840162842072,0.05846924333143333,-7,-0.30000000000000004,1
2009,1,-9.808222385010211,-0.22881580890059183,-0.07845985764272179,-5,0.20000000000000007,0
2009,1,-7.392369474912343,-0.12025626665972311,-0.08488142415357913,-9,0.10000000000000009,1
2009,1,12.483083684199357,1.5737033106571943,0.147936001206058,5,0.19999999999999996,0
2009,1,-0.8938277222667637,-12.262325002571487,-0.24522606587283308,-11,0.20000000000000007,0
2009,1,11.779134468500672,15.092580648106477,0.2726892902557468,15,0.4,1
2009,1,-1.2190237299572857,-6.109704112510215,-0.1528291292718903,-5,0.29999999999999993,0
2009,1,12.026644003546963,9.739305173757188,0.3905728747281713,13,0.0,1
2009,1,9.730123168534519,10.5032714340565,0.28471232793148826,11,0.10000000000000009,1
2009,1,1.5674673200809224,-0.32867681605533505,-0.019302442098692363,1,0.20000000000000007,1
2009,1,16.525438624337767,7.0520024545731985,0.3287491248010059,15,0.20000000000000007,1
2009,1,-2.4004585745681197,-2.077557028228938,-0.16573140445293788,-1,0.30000000000000004,1
2009,1,21.855268929792004,-3.9486052017419695,0.2841917933715115,11,-0.09999999999999998,1
2009,1,-3.3709971942745796,9.288443181636438,0.08370014773779699,-3,0.09999999999999998,1
2009,1,6.441113861109542,-4.090326480505567,0.00567683768779903,-7,0.09999999999999998,1
2009,1,1.8553287177511777,14.253620839668699,0.20542758141314377,9,-0.30000000000000004,1
2009,2,2.714050702538856,10.840990610740903,0.03465464589777012,8,0.09999999999999998,1
2009,2,5.300643334274454,-0.31472026316747304,0.009311961798750379,5,0.20000000000000007,1
2009,2,-6.755637955058759,-9.542813149078825,-0.1092437220542144,-8,0.0,0
2009,2,-2.2573976530072173,-12.076474822877486,0.06698223259870484,-8,-0.5,0
2009,2,11.804399582652394,3.9645276655986663,0.12025182160623571,7,0.10000000000000009,1
2009,2,7.169242475702319,1.785775139208468,-0.021850013660565826,8,0.09999999999999998,1
2009,2,-2.3051246723820924,1.9988390251818373,-0.036697931185702304,-1,-0.10000000000000009,1
2009,2,-5.4808984406365795,3.822744691112348,-0.001214239914173021,3,0.09999999999999998,1
2009,2,13.929915486811154,-8.107905263710876,0.1570579205088536,1,-0.30000000000000004,1
2009,2,11.732210305227397,2.2704063804070387,0.129082757039241,8,0.19999999999999996,1
2009,2,2.521829633305259,11.747785243650029,0.1808270601066816,8,0.19999999999999996,1
2009,2,4.010611339592856,1.2170667091986473,0.013811202591543226,8,0.20000000000000007,1
2009,2,0.15389430706690632,-4.292507820931462,-0.0016296861361922987,-3,-0.4,0
2009,2,4.5446418177050845,4.583092785042538,0.01862968861858394,7,0.0,1
2009,2,0.9273088194250221,-1.0509245958075013,-0.015984941360452698,-3,-0.20000000000000007,0
2009,2,-2.3000790944920197,4.006640765453454,-0.07148486851109104,8,-0.19999999999999996,1
2009,3,6.119445534435016,1.6798220122578158,0.020402566463911587,4,0.0,1
2009,3,-4.482976026209556,7.400009511701967,-0.0364273152978879,1,0.19999999999999996,0
2009,3,11.500064953530128,-2.448477569539534,0.08561170829875742,3,0.30000000000000004,1
2009,3,3.0673373366414722,-2.118399842001125,0.027701549250073843,1,0.10000000000000009,0
2009,3,-5.5888938061392395,15.174285530527271,-0.016964190809572788,11,0.5,1
2009,3,-0.4062450459088467,0.17275397640908352,0.054535523774213446,1,0.10000000000000009,1
2009,3,-6.960319602771563,0.17671953264985518,-0.12870481163881642,-3,0.09999999999999998,0
2009,3,1.5341390098949717,-0.7592702108851057,-0.03254729028652126,1,-0.20000000000000007,1
2009,4,0.8596880531659821,-4.485365152658375,-0.038326926776085624,-2,0.10000000000000009,0
2009,4,-6.853117937325962,2.005699213861206,-0.026229172380020205,-2,-0.10000000000000009,1
2009,4,-1.1693670291084004,3.759562451070309,-0.03540966540365953,1,0.19999999999999996,0
2009,4,-5.227403182016602,-1.574119139913492,-0.026504469780065154,-1,-0.20000000000000007,0
2009,5,-2.2605645767584406,-3.161333105603731,0.047455513097779733,-1,0.10000000000000009,1
2009,5,9.274288912524113,-1.5056679539837603,0.028402626589260627,2,0.10000000000000009,1
2009,6,-9.844678556527,2.4656802148872003,0.027149451299738336,-1,0.0,0
2010,0,0.88685422954606,-1.1745205410785076,0.04915555126110227,0,0.20000000000000007,1
2010,1,9.844425949626299,6.665519837645007,0.2693670937249941,11,0.0,1
2010,1,1.4099259874001007,1.3002821840989327,0.07712835501166926,7,0.09999999999999998,1
2010,1,-4.325113067669747,-3.561305467671559,0.07383124529743534,-3,-0.29999999999999993,0
2010,1,-15.227913268516275,-15.294938192868926,-0.39205336045398903,-15,-0.09999999999999998,0
2010,1,-14.260358714906474,-11.550256691718118,-0.36250849694388293,-13,0.30000000000000004,0
2010,1,-16.40475454965879,-9.689616392778817,-0.21546011643058877,-15,-0.09999999999999998,0
2010,1,6.473333655038857,-0.8623820084385443,0.3150700548900059,9,-0.20000000000000007,0
2010,1,-9.368811369811198,-2.678436910464029,-0.16846174577185724,-11,-0.09999999999999998,0
2010,1,2.0691461346586237,-2.554740142502112,-0.014016221720483779,1,-0.20000000000000007,0
2010,1,9.301532676459601,4.220077812976498,0.21416031163436755,11,-0.19999999999999996,0
2010,1,12.203336551749715,-9.089257702500802,0.08329268409825918,5,-0.20000000000000007,0
2010,1,6.778209154981084,-4.703768358298717,-0.05510494848820058,-3,0.0,1
2010,1,1.981093461117581,-3.8105534334812035,-0.0742266351226325,-5,0.20000000000000007,0
2010,1,17.122619137574603,4.791370372778459,0.3394716530664888,13,-0.29999999999999993,1
2010,1,-6.5002286612108975,0.3728129195542351,0.011028285727709086,-1,0.0,1
2010,1,-2.3674400145663412,1.7883946560980775,0.006027532296895899,-5,0.10000000000000009,1
2010,1,-5.608203348619554,-0.7543192445716898,-0.019390239430460587,-1,-0.20000000000000007,0
2010,1,-9.790544094093079,12.913251938341702,0.15891045874061077,7,0.09999999999999998,0
2010,1,-29.94269052140372,-9.078278436708985,-0.34018163103932564,-15,0.0,0
2010,1,4.56976699348111,-3.3869582323162035,-0.043936046243178595,3,0.09999999999999998,0
2010,1,7.904562176576221,-7.686956330086829,-0.09754469107933783,1,0.20000000000000007,1
2010,1,-5.7625281504816,-6.233178307844867,-0.06583399502706933,-9,-0.20000000000000007,0
2010,1,-2.3659304045882408,-11.794948437585091,-0.11773430240729577,-7,0.19999999999999996,0
2010,1,-0.725747102088846,0.7455725584653266,0.018127591768906548,3,0.0,0
2010,1,-17.37663599241057,-4.619466485503679,-0.19387761561731404,-13,0.0,0
2010,1,-4.394707068776427,-10.749375090746426,-0.22889972501030043,-11,0.19999999999999996,0
2010,1,0.5106539467196427,8.89725945800636,0.18086727326034768,9,0.0,1
2010,1,-15.02775452381212,-9.869630205050669,-0.3271286674184767,-15,0.20000000000000007,0
2010,1,-3.9794493224567447,5.020981583793159,0.1821512658284964,7,-0.20000000000000007,1
2010,1,-12.891826625509125,-11.415172519188516,-0.4158813960381885,-13,0.0,0
2010,1,11.30759313313473,2.960505996503855,0.22494002564436416,9,-0.30000000000000004,1
2010,1,-2.1487729288803195,1.0955313503934008,0.0028877321362933417,-5,-0.10000000000000009,0
2010,2,-12.325501718512655,3.9414837562776057,-0.14293732394821568,-8,0.0,0
2010,2,2.196412656448814,6.087526473285337,0.2639775789482964,8,0.09999999999999998,1
2010,2,-0.7186364543899941,2.6047873229674963,0.1568415110473842,5,0.0,1
2010,2,7.9453866270709455,4.541059818008222,-0.025338180409042788,8,0.4,1
2010,2,11.512046387324176,-0.29199965616234635,0.08875063241579273,8,0.09999999999999998,0
2010,2,-1.5967694412286448,-2.024596357955417,-0.12547219359917128,-8,0.4,1
2010,2,-2.0200133572230925,-8.584636573982124,-0.16830205228081996,-8,0.0,0
2010,2,1.8231342903569612,-4.735135561772637,-0.08135453224282296,8,0.09999999999999998,0
2010,2,1.9649821478965492,-9.841368198059556,-0.21371392311613585,-8,0.20000000000000007,1
2010,2,1.330153585080879,8.696016565699466,0.024403757520200964,7,0.09999999999999998,1
2010,2,4.782116058057085,-2.984355420707388,-0.014127027657348412,1,0.30000000000000004,0
2010,2,-8.20472903693981,1.0918448001371672,0.05185873724424983,-8,-0.4,0
2010,2,-3.035745419735136,3.433053861539406,-0.03384719324702967,1,0.10000000000000009,1
2010,2,6.129555583756073,3.5623811785874437,0.10390356995996153,7,-0.10000000000000009,1
2010,2,5.119933101392675,-0.5682540524725965,0.09869646403806265,8,0.20000000000000007,1
2010,2,-4.837958044329852,2.119529660379044,0.016214064089811853,3,0.0,0
2010,3,8.74433509305942,-1.8561176377468342,0.03587710724199,4,-0.30000000000000004,0
2010,3,-0.3242718757293943,-3.855329826243235,-0.07668626972088344,-4,0.10000000000000009,0
2010,3,2.5160676144623864,-12.813416723708642,-0.19731513073476198,-11,0.0,0
2010,3,-4.23478712751384,-0.8938760450077581,-0.07640016413978812,-9,0.0,0
2010,3,-4.527504997649302,-3.3676343601069902,-0.13944236983108593,-7,0.0,0
2010,3,12.537060615388754,-1.4525237890739362,0.049454518030213945,3,0.09999999999999998,1
2010,3,-4.0315151173983,2.9911663672478994,-0.07175880398254542,-4,0.30000000000000004,0
2010,3,8.541320998611567,-1.261169907151725,-0.02439997062078092,4,0.20000000000000007,0
2010,4,7.139854420969783,-2.4312324556403837,0.09593280097923407,3,-0.30000000000000004,0
2010,4,1.7352069836686326,-3.7561105155036785,0.07997545668457906,-1,-0.09999999999999998,1
2010,4,-1.3798389242563331,-6.116016653331798,-0.0277010657184108,-2,-0.09999999999999998,0
2010,4,-4.0439899637601116,2.2354415073270246,-0.003368162960152743,-1,0.19999999999999996,0
2010,5,-3.710742755240261,4.184392806749443,-0.041762896960897855,0,0.5,1
2010,5,-4.521330720529235,-3.7036215281093092,0.0212985396697305,-1,-0.09999999999999998,0
2010,6,-11.973617268942618,-0.4150958059419736,-0.08712108160476906,-4,0.09999999999999998,0
2011,0,-2.068002212898236,-4.90989794262866,-0.0852580361361851,0,0.09999999999999998,0
2011,0,1.0820240057170167,-5.738144917261124,0.034974364614284825,0,-0.09999999999999998,0
2011,0,-10.250397418117274,-1.018554646354218,-0.096977104745892,0,0.20000000000000007,0
2011,0,4.755882915145335,-6.238404606376761,-0.07775170114332763,0,-0.19999999999999996,1
2011,1,2.2670536664519574,0.38395133307361107,0.07305556045724171,1,0.0,1
2011,1,4.858494427377124,8.205662570939708,0.17594117892761207,11,-0.09999999999999998,1
2011,1,2.278218219917804,-5.646064271760025,0.015581571138314376,-5,-0.19999999999999996,0
2011,1,-11.501327571089675,-4.442182481065743,-0.31484215904219404,-11,0.4,0
2011,1,-13.738001107719654,-5.30668024496245,-0.1734816494817053,-13,-0.20000000000000007,0
2011,1,-0.47216320219344254,0.5278377479842078,-0.13350873531096796,-5,0.09999999999999998,1
2011,1,-1.9600482651970594,1.2337097644549573,-0.16297598622501408,-7,0.09999999999999998,0
2011,1,-12.07779597218942,-5.265090813195755,-0.23150728322136432,-9,0.0,0
2011,1,-6.7147687173835635,-9.23583960830517,-0.2374731834859738,-9,0.20000000000000007,1
2011,1,-19.94319485134892,-5.996800667495123,-0.2920888658114711,-15,0.0,0
2011,1,-4.687182265691959,1.66507826172095,-0.08506577644176472,-7,0.30000000000000004,1
2011,1,7.798103790066705,11.723515779135823,0.21680631239020914,13,0.0,1
2011,1,-2.902434517939497,3.398059067609182,-0.15776224225381152,3,0.10000000000000009,1
2011,1,-0.029955133280580526,-0.6631094849405201,0.09184237000466278,-3,-0.09999999999999998,0
2011,1,-5.082502980242083,3.4205406397218923,-0.09815199406012842,-7,0.09999999999999998,0
2011,1,-11.424406651942007,2.955218859169719,-0.33239650723152714,-9,0.30000000000000004,0
2011,1,-13.915919216928998,0.7196999159890254,-0.10284801529686238,-7,0.0,0
2011,1,-26.369985376327662,-7.788078100236632,-0.4304298249190437,-15,-0.10000000000000009,0
2011,1,5.1024595272308915,-7.994155995285169,-0.025266240895162384,3,0.09999999999999998,0
2011,1,2.260865253189664,-0.6513731301492385,0.1505220315668333,-1,-0.6000000000000001,0
2011,1,4.190079160789907,0.3702348881668769,0.1119256471779213,-1,-0.29999999999999993,1
2011,1,-17.817155830101882,-13.021000650506025,-0.270526720602846,-15,0.09999999999999998,0
2011,1,3.2061862387996314,-0.5200048061490179,0.07537952595614206,-5,-0.4,1
2011,1,-3.4859934889276047,-0.5185062340745219,-0.019733239334637998,-1,-0.29999999999999993,0
2011,1,-4.775090148966456,-13.640111549081468,-0.3727741825107127,-13,0.09999999999999998,0
2011,1,-20.222111989845516,-1.062534440897565,-0.22231594822526696,-13,0.0,0
2011,1,23.061706890495643,13.85257592698386,0.31426690265363777,15,0.10000000000000009,1
2011,1,20.256216130512897,0.15102307831968176,0.2154412948548502,11,0.09999999999999998,1
2011,1,11.447983298094755,4.072021870508749,0.12449642612042278,11,-0.10000000000000009,1
2011,1,-2.401971139731586,15.08380810531402,0.12399015111896161,9,-0.30000000000000004,1
2011,1,0.5987011573198515,2.832648979845075,0.14294841334991315,5,0.0,0
2011,1,8.3660886922721,-2.030184443611404,0.060313518259662025,3,0.19999999999999996,1
2011,2,7.555493170857147,1.8855067276181927,0.04977626110103106,7,-0.20000000000000007,0
2011,2,-5.464620315785481,0.8160361221229095,-0.06664645384797963,-8,0.09999999999999998,0
2011,2,4.34577987154816,-0.9746756397261436,0.11137011775184047,3,-0.09999999999999998,1
2011,2,7.214698697845492,-0.8391384706989129,0.007385462464472359,5,0.10000000000000009,1
2011,2,3.7735542236368786,1.8533082869820277,-0.050636139035013183,1,0.30000000000000004,1
2011,2,7.227450357571399,2.202855167892551,0.13888624533221838,1,0.0,1
2011,2,3.5057992302827756,3.627822418264742,0.06491623504898814,5,0.09999999999999998,1
2011,2,10.470310752308364,-4.708503358477756,0.04052969400889994,1,-0.10000000000000009,1
2011,2,3.2293163789370425,-7.987215248656241,0.01104299803096187,-1,0.09999999999999998,1
2011,2,7.769316224272444,3.348548880403314,-0.023343076516926242,7,0.10000000000000009,1
2011,2,19.4176729361114,-10.112816466552445,0.05274533721849972,8,0.20000000000000007,0
2011,2,5.9913588859611195,1.5789232835476241,-0.06334638977189433,8,0.5,1
2011,2,0.20983396712144042,-4.5907517656922465,-0.0189568399079858,-8,-0.19999999999999996,1
2011,2,5.681938050532821,-6.476285559369586,-0.04209833675714125,-5,-0.20000000000000007,0
2011,2,13.423502301624524,5.263255060297425,0.15164400251277066,7,-0.09999999999999998,1
2011,2,2.5598048582682225,7.829331154443878,0.11249816908763499,8,0.19999999999999996,0
2011,3,1.9033732791214248,6.53396540424626,0.030279058491022415,4,0.10000000000000009,0
2011,3,-10.852271087540927,1.8618326993298808,-0.08695278032517695,-4,0.20000000000000007,1
2011,3,-2.0614220449892997,2.6851077802704992,-0.07289060103583178,1,0.30000000000000004,0
2011,3,0.7657997663629601,0.16182923141288086,-0.018058885703627348,-1,0.0,0
2011,3,-8.557029810144186,-6.672320704390145,-0.10525555463379599,-11,0.0,0
2011,3,6.652763876970965,1.5228658124067067,-0.011484273689472357,3,0.0,0
2011,3,-2.4950137009722795,7.133449420982458,0.04357337637540193,9,0.4,1
2011,3,-8.91547269146156,11.873450028664408,0.041565595646901876,1,0.09999999999999998,0
2011,4,-4.2206209293024415,-0.5703485292549573,-0.04922588291412433,-6,0.09999999999999998,1
2011,4,2.9078919320205614,-4.388254092277663,-0.05808387215123556,-2,0.09999999999999998,0
2011,4,-6.619722112776998,2.696269778339172,0.030329274217478108,2,0.09999999999999998,0
2011,4,8.237849187455907,8.905827573196063,0.07559064976086582,10,0.4,0
2011,5,0.4290949289735977,-3.9013488537303687,-0.02308086092513184,-3,-0.4,0
2011,5,-3.524445042251358,-0.252881721266192,0.027374156261117832,1,-0.20000000000000007,1
2011,6,3.582782998678482,2.348028813736434,0.10422479848955013,5,-0.30000000000000004,1
2012,0,9.80672439046917,-9.800855257642255,-0.048269745591047686,0,0.10000000000000009,0
2012,0,-1.801341438198321,-5.12217018029618,-0.1719002284411827,0,0.20000000000000007,0
2012,0,-6.878846611415057,4.6927621118771725,0.09540806837373927,0,0.0,1
2012,0,2.1322801055025593,-2.311592120296922,0.025673185317819036,0,-0.20000000000000007,0
2012,1,-3.7149445169479236,-5.483786095179326,-0.21499066001043493,-11,0.30000000000000004,0
2012,1,4.131035016256533,1.3171491518436795,-0.0288896346944153,5,-0.19999999999999996,0
2012,1,1.9546032739597194,2.6588886925024866,-0.1370275118730755,3,0.4,1
2012,1,13.395684788756839,0.5750754527732056,0.1870506049711943,9,0.0,1
2012,1,2.8707087544475627,-0.4891375625503116,-0.051130514357818346,1,0.09999999999999998,1
2012,1,1.9348347105019315,-7.561122877718944,-0.054342709874752315,-1,-0.09999999999999998,0
2012,1,-25.693079753944403,-9.54220322227198,-0.1699727687652426,-15,-0.20000000000000007,0
2012,1,-6.1117206439670895,13.697493733586569,0.2675243084712708,9,-0.20000000000000007,1
2012,1,6.3424532998324565,1.7834023645263386,0.15502142408719333,11,0.0,1
2012,1,-4.510572962573718,9.054839993183393,-0.1834962530392542,5,0.30000000000000004,1
2012,1,1.4643752545178756,4.960219263898637,0.05640590128783285,7,0.0,1
2012,1,-14.407624901886962,-12.020585613864299,-0.2644938964224654,-13,0.09999999999999998,0
2012,1,8.892569891210215,11.78698134780906,0.270467792950561,15,0.09999999999999998,1
2012,1,9.415349759031429,-0.45193430886172337,0.07492860469699758,7,0.0,0
2012,1,7.638655096207245,0.5647455950055189,0.21645784086377845,7,-0.10000000000000009,1
2012,1,-11.730365638964358,-5.999009988818827,-0.27614418995464707,-9,0.4,0
2012,1,-0.8669638497365213,5.017298241528195,-0.027627859323852033,5,0.09999999999999998,1
2012,1,13.868601489344968,-13.960382678777947,-0.09361766113973968,1,0.09999999999999998,1
2012,1,17.24239771433264,-8.749351040884903,0.05089184917146872,3,0.0,1
2012,1,-3.882932970582317,7.703665863004403,0.08644458657254495,11,0.0,1
2012,1,4.9991476575370655,-9.576852557384967,-0.20341881991180927,-11,0.4,0
2012,1,6.652061501760301,14.198650622526202,0.2038010329831419,13,0.0,1
2012,1,9.629808686294894,2.3863113736599786,0.3063082425807128,13,-0.09999999999999998,0
2012,1,-5.012790174030016,-19.639530081633694,-0.3026123491841603,-15,0.09999999999999998,0
2012,1,-6.345776190148399,1.031213291275563,-0.05587204417502234,5,0.09999999999999998,0
2012,1,26.20874258748576,1.871504859194701,0.24424280291202788,13,-0.09999999999999998,0
2012,1,12.578267515446285,9.521397760756486,0.2830131235562063,15,0.0,1
2012,1,7.82630445708979,-2.032624288662376,0.1948593312278064,9,-0.10000000000000009,0
2012,1,-5.301153940032975,-0.06985645184981593,-0.16434444930153813,3,0.09999999999999998,0
2012,1,10.687108349486522,-7.547295965918252,-0.019953796253550093,7,0.10000000000000009,0
2012,1,-1.978737648523051,1.538932301488117,-0.016475480640439466,-1,-0.09999999999999998,1
2012,1,-1.708945568762445,0.889442281214258,0.02526292193931745,-3,-0.09999999999999998,1
2012,2,11.405179313762275,-0.973890237477363,0.052394751359917224,8,-0.09999999999999998,1
2012,2,13.795308200434391,-5.063855950272838,0.14402305343185673,8,-0.09999999999999998,1
2012,2,-9.627963222026764,-6.282553066054035,-0.03287954544862992,-7,-0.30000000000000004,0
2012,2,5.0973356266272845,-5.238977924139732,-0.14567973271142565,-1,0.20000000000000007,0
2012,2,4.3072865485330425,1.6736056465709623,0.2590810526999061,3,-0.20000000000000007,1
2012,2,-4.5064412031982926,-7.06623382672133,-0.14780727308310515,-5,0.20000000000000007,0
2012,2,-8.325043199301106,-0.1257428050187741,-0.03610070107357277,-7,-0.30000000000000004,0
2012,2,2.185296362427181,-3.9975858719229223,0.02114673730461758,-1,0.09999999999999998,0
2012,2,2.4623796310310837,-2.689717077688684,-0.03493839154804035,-3,-0.10000000000000009,1
2012,2,21.77369570218707,4.252202048032814,0.28218259088737313,8,-0.5,1
2012,2,3.70524180805306,-10.91815630449453,-0.03884502045604976,-8,-0.30000000000000004,0
2012,2,2.534365871544125,2.576455679553817,0.09198103627581355,8,0.0,1
2012,2,0.9936104548506108,-6.448746238211413,-0.051728616706972486,-8,-0.09999999999999998,1
2012,2,-2.936889537293311,13.121711868203036,0.07745341828121677,7,0.20000000000000007,1
2012,2,3.534883444434044,-4.789479987162693,-0.17573241359780467,-1,0.10000000000000009,1
2012,2,0.6450016194341401,2.4385936876059304,0.2827115051556253,5,-0.30000000000000004,1
2012,3,-10.537478363413115,5.78533957153364,0.02931188444080024,4,0.29999999999999993,0
2012,3,-8.613930291279985,1.9049437619495961,0.011271588487061113,-3,-0.20000000000000007,1
2012,3,-7.1884426772559635,-4.748579808216377,-0.05535727690560732,-4,0.09999999999999998,0
2012,3,-3.530913758533657,2.5853803846085697,-0.01631987790443834,-3,-0.30000000000000004,0
2012,3,8.224276840756119,1.2359124466710654,0.003008933702503769,7,0.0,1
2012,3,-1.4817126694588723,-8.573767769641051,-0.07415183251247148,-9,-0.4,0
2012,3,-2.3421160635262908,-7.756438746830398,-0.005982481234405701,-3,-0.09999999999999998,0
2012,3,-9.565225777579656,-4.305340922167488,-0.1509595132260202,-12,-0.09999999999999998,0
2012,4,-16.10508471857338,11.471865772927657,0.05662065244343584,3,0.19999999999999996,1
2012,4,0.21026284864302625,4.913779993872339,0.011462882419438825,-1,-0.30000000000000004,1
2012,4,2.3308568827651044,-1.9400880810590024,-0.0492985059052522,1,0.0,0
2012,4,7.0685481846184075,5.1590077530883605,-0.0009569247482801302,2,0.30000000000000004,1
2012,5,-3.769094481238568,-0.4883035060788501,0.014122432892917036,0,0.30000000000000004,1
2012,5,17.829709971402792,-4.033063458672331,-0.03644054326910662,3,0.30000000000000004,1
2012,6,9.37281754063821,-1.8185151244599638,-0.03656097585870688,1,0.0,1
2013,0,9.558324113146256,-13.86056877363923,0.013199681601832103,0,0.09999999999999998,0
2013,0,-8.64463070914448,4.156656055442738,-0.13481125891606444,0,0.09999999999999998,0
2013,0,-9.686347273976438,11.741673752025761,0.07192969624759266,0,-0.10000000000000009,1
2013,0,0.03921556821052263,1.074845286055222,0.0007976675869929561,0,0.09999999999999998,1
2013,1,-5.307673869983816,-3.669055565702422,-0.2115156731504535,-5,0.30000000000000004,0
2013,1,-4.215628897294252,0.1116465221127072,-0.20499932049853664,-5,0.30000000000000004,0
2013,1,0.6628761623213961,-4.058832190254449,0.0595135695430653,-7,0.0,1
2013,1,-3.2165141956686796,3.277925955665154,-0.0300397788006036,-1,0.0,0
2013,1,23.161738283638954,6.579563524619999,0.30648393427119036,15,0.19999999999999996,1
2013,1,-1.5210105583133782,-8.708222346549334,-0.1627517885172347,-11,-0.20000000000000007,1
2013,1,-25.00606721514191,-10.948739404657815,-0.3746174628718669,-15,-0.4,0
2013,1,-1.8691186997670997,-4.81336788806739,-0.29688184400570417,-11,0.30000000000000004,0
2013,1,-7.710754899633599,4.857387796463485,-0.009041381637085899,5,0.09999999999999998,1
2013,1,11.42575495803979,9.693867617293819,0.2864545223792004,9,-0.19999999999999996,1
2013,1,-2.4540975840719312,-10.388383588045016,-0.2571980920789402,-11,0.30000000000000004,0
2013,1,-2.894148584726082,0.3172373961346011,0.0090187588878049,-7,0.0,1
2013,1,-5.299859188282738,-7.711477086147184,-0.10427338834550282,-9,-0.09999999999999998,0
2013,1,10.814535335384633,14.620914040567001,0.30656522814435194,9,-0.30000000000000004,1
2013,1,-10.217788787112298,-2.2946864522769346,-0.12612708212144996,-7,0.10000000000000009,0
2013,1,2.1888720672381368,-0.253471776843071,-0.027610684918294548,1,0.0,0
2013,1,-12.107071197931432,6.572973096656767,0.03383137348936782,-3,-0.29999999999999993,0
2013,1,16.889312352022372,7.394458452343287,0.31739521388853015,13,0.0,1
2013,1,-3.8972723896206816,-10.940123654114984,-0.22573379169601854,-13,0.0,1
2013,1,-10.651237904646251,-16.208454160371062,-0.24249239374673487,-11,0.20000000000000007,0
2013,1,4.755963637262084,-2.5515787896474365,0.014805314553186455,3,0.0,1
2013,1,-22.066531103190826,-9.600268458764717,-0.24702932901493002,-15,0.0,0
2013,1,-4.145433967657638,2.8585453014813424,0.030012337778350107,3,0.0,0
2013,1,11.160657653506817,14.007267504570052,0.22306467754452586,15,0.20000000000000007,1
2013,1,-1.1069717194219209,-1.7876065492452966,0.005311891057139917,-9,-0.10000000000000009,1
2013,1,-7.5442559824296325,-10.073734660067416,-0.1978706490234594,-13,0.10000000000000009,0
2013,1,2.488238714113649,2.291407070742565,0.038075886460103736,-5,-0.39999999999999997,1
2013,1,3.006866331403401,-11.105607351403961,-0.1278098280471086,-7,0.20000000000000007,1
2013,1,-6.288425916256969,2.41399641017604,0.02867131119163502,-1,-0.20000000000000007,0
2013,1,-0.5973548749722397,-15.347164260461284,-0.16954173619014057,-13,-0.30000000000000004,0
2013,1,-4.667312099768935,6.232580475179162,-0.0028432486218762376,3,-0.09999999999999998,1
2013,1,4.488087131259604,-1.2753392480580459,0.03001382723410384,1,-0.10000000000000009,0
2013,2,-8.961838036361527,-7.529146413434958,-0.17730217155931272,-8,0.19999999999999996,0
2013,2,-0.7364889717148202,13.882872427162411,0.07108308386215434,7,0.4,1
2013,2,-3.654823418021607,0.13737311302487853,-0.02952819429672493,-3,-0.09999999999999998,0
2013,2,-7.562562838625297,1.8346779152000323,-0.07904973748647715,-1,0.19999999999999996,0
2013,2,4.842654321027567,2.222928228325955,0.16364414488382772,3,-0.30000000000000004,1
2013,2,-3.2237862312144046,-1.2193545981589011,0.032328882818337235,-8,-0.20000000000000007,1
2013,2,-7.3137890172137645,-5.4130217963122504,0.0031615363290676823,-8,0.19999999999999996,0
2013,2,8.218591715122457,0.7980889437703951,-0.04702427569552092,8,0.30000000000000004,0
2013,2,1.8840656562912983,3.4381564735976013,0.08568584323504458,5,0.0,1
2013,2,-2.3673819626913826,-6.537057815531256,-0.21157821533895688,-8,0.30000000000000004,1
2013,2,3.21637899523688,6.921762755010619,-0.06713276551042047,8,0.3,1
2013,2,10.088742434376272,7.104611764382952,0.05640171577984621,8,-0.10000000000000009,1
2013,2,-0.025451024987177107,-6.915130687872491,0.012797504259568937,-7,-0.09999999999999998,0
2013,2,2.0279489849044836,-0.7357009231085954,0.05942650003252514,-1,-0.10000000000000009,1
2013,2,2.7606947224933975,1.821169664161232,-0.020482485620156976,5,0.09999999999999998,1
2013,2,3.5338629184212635,-8.901583087116464,-0.06591419709632917,-8,-0.30000000000000004,0
2013,3,0.4186073647663022,-2.2628214854375415,0.0009238048384107023,-1,0.0,1
2013,3,0.9351093522950862,-2.85650620086156,-0.007147476885203563,-4,-0.4,0
2013,3,-8.144288335980434,2.735998013493571,0.009969918912165032,-3,-0.19999999999999996,1
2013,3,-1.3691456594734603,5.294057885598704,0.010270279846112618,4,0.0,1
2013,3,7.151680191816851,-3.716520345388574,-0.009139804225941739,1,0.09999999999999998,1
2013,3,-12.120178646054242,-10.339277737261739,-0.21596765964732018,-12,0.20000000000000007,0
2013,3,-11.099942370587058,-4.062294107902488,-0.07641645788877904,-11,-0.30000000000000004,0
2013,3,9.814624034384295,-7.626984705727068,0.04513208334705954,-3,-0.4,1
2013,4,0.17156284914894115,-6.237810021742533,0.004879428537272745,1,0.19999999999999996,0
2013,4,2.852715575189194,1.5388719207990391,0.05427322869250906,7,0.20000000000000007,0
2013,4,2.492699775757842,-6.96596173898449,0.0013542172268238284,-1,-0.30000000000000004,0
2013,4,-5.687536832462669,8.125406994738256,-0.04824352351191552,1,0.09999999999999998,0
2013,5,-5.174947484617633,-6.398568476169686,-0.07401439132648102,-8,-0.30000000000000004,0
2013,5,-8.729729891160275,6.808360172297043,-0.015729959152312567,0,0.0,0
2013,6,-5.529616894786699,9.229052467030726,0.007921083326506206,3,0.5,1
2014,0,-4.27230421666485,7.917652018913401,-0.016411667232793414,0,0.09999999999999998,1
2014,0,-2.856106010627954,1.9336832145184246,0.010421074471694491,0,0.0,0
2014,0,-4.212189001744818,8.355962986699183,0.24989262316682775,0,-0.4,1
2014,0,-2.9947988934410716,5.917704907498859,0.017877305647555186,0,0.3,1
2014,1,-1.3188547248407332,6.233984003423089,0.03870283301676802,3,-0.10000000000000009,1
2014,1,4.609767982657175,-10.515597389235722,-0.03866866779465472,-5,0.20000000000000007,1
2014,1,-12.88459749293827,-14.624806653525255,-0.315799231537503,-15,-0.30000000000000004,0
2014,1,3.357116952221503,-3.7071274703207706,-0.10112909188771846,-7,0.30000000000000004,1
2014,1,12.488554799439882,8.838070654295237,0.10702644429436364,9,0.0,1
2014,1,-25.16946151966046,-2.187023134551083,-0.33546812983591645,-13,0.0,0
2014,1,-8.694669765753432,-10.677432171637037,-0.23542070923028058,-9,0.20000000000000007,0
2014,1,-4.093643531717419,-3.4544052411438884,-0.18366896591254922,-7,0.30000000000000004,1
2014,1,4.299933693121261,0.42625754614836353,0.02337906841622428,3,0.0,1
2014,1,10.290164610226341,1.99293539101825,-0.0020646414091720633,-1,0.0,1
2014,1,-2.327997540362233,11.216374379906568,0.18760257240026113,9,-0.09999999999999998,1
2014,1,-9.907693551862593,11.057960794953004,-0.05724498753381779,7,0.09999999999999998,1
2014,1,8.786525344126176,9.745771637337072,0.2107860754562887,11,-0.4,1
2014,1,-2.066242110299882,0.2678854808059725,-0.03132694053165486,-3,0.0,0
2014,1,10.74936371045608,11.372696653542121,0.18453671938450894,13,0.20000000000000007,1
2014,1,20.730693448677698,1.5733266632031757,0.2874979183479426,13,0.20000000000000007,1
2014,1,-9.981470071517876,-19.172974671075465,-0.334478458530996,-15,-0.09999999999999998,0
2014,1,-10.943211346180163,4.452367198795116,-0.025077649111255096,-5,0.0,0
2014,1,-13.785449109245064,-2.952893636073753,-0.18910920125118053,-11,0.10000000000000009,0
2014,1,1.9094056820881207,-1.5812830419215942,0.060662905283284,-1,-0.19999999999999996,0
2014,1,10.507449331067349,1.1630404183028986,0.4264185288102214,11,-0.19999999999999996,1
2014,1,7.064455070358306,12.253285800392803,0.35609247678632916,13,-0.20000000000000007,1
2014,1,9.322609176997034,-3.280562620422714,0.061266682697293406,1,0.0,1
2014,1,2.3433919548460693,-0.06942409287115936,0.005492163309880227,1,0.0,1
2014,1,-16.16322457640196,-3.0871935186127786,-0.2969482782147899,-11,0.10000000000000009,1
2014,1,-1.5377940219520951,5.785748869290856,0.013121525085085461,5,0.10000000000000009,1
2014,1,-3.835552879248965,11.72307402501832,0.29536307833849357,7,-0.30000000000000004,0
2014,1,-1.1751687959497872,-0.9271586434416861,0.07203082229859725,-3,-0.30000000000000004,1
2014,1,-9.148810152185845,-3.5013098431152514,0.001380910949691394,5,0.0,0
2014,1,-13.332312384389127,0.8781527945706387,-0.14806179023192856,-9,0.30000000000000004,0
2014,1,16.28294510455774,12.249029805841317,0.3181143360935588,15,0.09999999999999998,1
2014,1,-14.364864496423678,-11.38766863251594,-0.01410695894020575,-15,-0.5,0
2014,2,-2.6326740855859043,1.1112864788425298,0.007988937036748078,-5,-0.10000000000000009,1
2014,2,1.2220380752337832,6.209970815185187,0.03262429624692453,8,-0.30000000000000004,0
2014,2,-1.2825265731813715,5.670838551928256,0.023827769482794192,8,0.5,1
2014,2,-13.853838115901794,-2.8684182462002354,0.024023634600233268,-1,-0.30000000000000004,0
2014,2,12.59411566444173,-3.2253859716765447,0.0286552296609488,5,0.30000000000000004,1
2014,2,7.555136814003575,-0.09164249932251778,0.2171464863318141,8,-0.30000000000000004,1
2014,2,-4.623502330793755,12.284662063847207,0.09796698022441208,8,-0.09999999999999998,1
2014,2,4.5427312851644785,4.015904375986253,0.07567056177837683,5,0.0,1
2014,2,2.487421910963633,5.891406517628752,0.07456401593546069,7,0.0,1
2014,2,5.958114311554056,-2.4141014961165865,-0.04288441645909025,3,-0.10000000000000009,0
2014,2,-5.230532686134694,4.1615460005284035,-0.026411026757066636,-3,0.0,0
2014,2,-0.6960317082781842,3.3344450610888714,-0.17989425176528706,7,0.5,0
2014,2,-7.423829982023378,-0.9542198794315198,-0.07072659433380579,-8,0.0,1
2014,2,-8.446639609896962,-8.41043789190175,-0.27169248904999516,-3,0.20000000000000007,0
2014,2,6.87783413934514,4.882657415744021,0.3219787204634293,8,-0.30000000000000004,1
2014,2,2.0634122234978065,7.3898761013734315,0.05347685752104203,7,0.30000000000000004,1
2014,3,-6.72800654013939,-3.273990151737223,-0.08874389484098699,-3,0.10000000000000009,0
2014,3,-1.28160028737463,2.500785667217272,0.040637471762589805,1,-0.20000000000000007,0
2014,3,-3.1527807770577283,8.269199821380724,0.03366598397131171,3,0.30000000000000004,1
2014,3,-3.4754548511588723,-3.548048693245036,-0.021366766406424875,-4,0.0,0
2014,3,-6.081904624720451,7.54890936483811,-0.04157071758485009,-4,-0.10000000000000009,1
2014,3,-1.6608559849199196,-8.70017563674935,0.1347455192055903,-4,-0.4,1
2014,3,6.821374368355734,-6.596080400813477,0.037833496764294705,9,0.20000000000000007,1
2014,3,4.956931140960435,-5.71167548471692,0.029568647757835076,-3,-0.30000000000000004,1
2014,4,2.8858373744929366,10.678554852324694,0.054513062840474635,10,0.19999999999999996,1
2014,4,-6.470775185654901,8.589479118156248,-0.04261684362883045,1,-0.10000000000000009,0
2014,4,7.068994306785015,-3.95429364314289,0.03632632611656117,3,-0.09999999999999998,0
2014,4,-7.816509695296617,3.7060130346106064,0.006946154912190194,-6,-0.30000000000000004,1
2014,5,-3.3547246402323907,-2.9379871882412942,-0.019651131806779465,-6,-0.30000000000000004,1
2014,5,5.498645047511417,0.2663311237587749,0.01266766863467883,6,0.30000000000000004,0
2014,6,4.658590915123497,-4.921959592425722,0.044913075721379814,-1,-0.19999999999999996,0
2015,0,-4.92706963810636,-3.0152041007114434,-0.08168859134757056,0,0.0,1
2015,0,6.383185838075235,-0.9634513720766762,-0.04871004025337766,0,0.30000000000000004,0
2015,0,-2.6126502559619382,1.3009133378852766,0.050743938027174695,0,-0.10000000000000009,1
2015,0,4.490236880167458,-1.7089192248304528,-0.03373527434204787,0,0.09999999999999998,0
2015,1,14.834165114827556,20.523692737585122,0.28652916780444937,13,0.0,1
2015,1,-10.228671086753423,-0.5636313132712303,-0.2042881185341368,-7,0.20000000000000007,0
2015,1,-2.2130265352443956,2.8690508308525438,0.009152452871896921,5,0.09999999999999998,1
2015,1,3.706123285595666,-2.048478964474299,0.07103840097317882,-1,0.0,0
2015,1,-1.9764349083061603,-13.422626182499485,-0.2996803304202985,-9,0.09999999999999998,0
2015,1,-6.002222637828481,-5.0937409621922,-0.2440390545773804,-11,0.30000000000000004,1
2015,1,-24.686666362077688,-17.836573885284153,-0.35505196929163146,-15,-0.30000000000000004,0
2015,1,6.295880339511029,-3.9403834315460955,0.09707657748483356,1,0.0,1
2015,1,-16.790242843555163,-2.2727812859087635,-0.2710301960322712,-9,0.20000000000000007,0
2015,1,17.923698459833304,2.0278624305505275,0.18225889054473227,11,0.10000000000000009,1
2015,1,-5.166900499165166,-0.7788213370489103,0.0007675245140653653,3,0.09999999999999998,0
2015,1,-14.618145435137023,-3.8842935560173544,-0.18938754401318036,-11,-0.20000000000000007,1
2015,1,-0.4949087836998558,2.2221169171917694,-0.08888853075974879,5,0.30000000000000004,0
2015,1,3.3871747016133185,9.596204392096666,0.26274674131414516,7,-0.30000000000000004,1
2015,1,-11.555081680194561,-22.826586459273372,-0.2754950315537845,-15,-0.4,0
2015,1,3.743898256986924,4.042323314350341,0.06227660416715708,5,0.09999999999999998,1
2015,1,-4.213340974999355,-0.6826618544213829,-0.1297450698365803,-5,0.19999999999999996,1
2015,1,23.940997747735395,12.257465461331549,0.3227966112116451,15,0.09999999999999998,1
2015,1,-19.22829019250537,-7.291716959938782,-0.19965393360399086,-13,-0.09999999999999998,0
2015,1,-4.869878261594138,10.123877707160801,0.10698152194728805,3,-0.20000000000000007,1
2015,1,-8.739795465644193,-7.197726213828446,-0.37178889197814774,-13,0.4,0
2015,1,3.9820505748782438,9.298483764138041,0.1738228721730921,9,-0.19999999999999996,1
2015,1,-4.841505935896166,-0.4512345004218048,-0.20432157877673152,-9,0.09999999999999998,0
2015,1,8.735224165531818,-0.01992948110363102,0.02505303340718157,3,0.09999999999999998,1
2015,1,-12.958483636352511,-4.937458404111737,-0.03873170406231197,-7,-0.30000000000000004,0
2015,1,-5.8453374433856595,-13.406839156864507,-0.333609040392388,-11,0.20000000000000007,0
2015,1,3.521962408567674,-3.424162688785003,-0.04959771578025429,1,0.4,1
2015,1,7.056344381050238,-7.334383772400173,0.11114656755331742,-1,-0.10000000000000009,0
2015,1,-2.9657746141534886,-22.18703478437476,-0.26042922349971215,-13,-0.10000000000000009,0
2015,1,0.9289967845391232,4.304238904966439,0.1646417528922951,7,-0.30000000000000004,1
2015,1,4.826632458109557,-11.3912246203096,0.06759156226040819,-3,-0.5,0
2015,1,-23.749035611368058,-8.92085544581991,-0.3715654972238221,-15,-0.09999999999999998,0
2015,2,-3.6480968648369156,-6.1661431615713695,-0.01735898758441856,-8,-0.4,0
2015,2,13.424322219754487,8.062582594650465,0.10502380096801245,7,0.4,1
2015,2,7.97040976849712,5.756082457985741,-0.0315834844067282,7,0.4,0
2015,2,6.208416741167596,3.61593804471984,0.1336052238729537,1,-0.09999999999999998,1
2015,2,-17.03033532472908,10.128042970369123,0.04409637132161581,-3,-0.20000000000000007,0
2015,2,-8.907590067445199,-3.1991700837391903,-0.15026926140045882,-3,0.0,0
2015,2,-2.211067996937288,-5.013159071453245,0.055072681265274426,1,0.0,0
2015,2,5.734719624828884,2.6581851197367,0.2598536791558307,8,-0.30000000000000004,1
2015,2,-21.78853067875403,3.2517467312121653,-0.1351139440136636,-7,-0.09999999999999998,0
2015,2,-6.662623571233709,1.0744870944963623,0.0600033468477843,-5,-0.20000000000000007,0
2015,2,-6.309148633149519,5.501960752939979,0.1568748477709444,1,-0.4,1
2015,2,-4.035986444444134,8.404952730812198,-0.0272265571007283,5,0.10000000000000009,0
2015,2,4.184995088095874,5.842793080145384,0.1294006022678199,8,0.0,1
2015,2,0.11695534263994034,0.5043454296423988,0.03620589847393196,-1,-0.30000000000000004,1
2015,2,-1.232584221548791,0.8724103918609956,0.19085880686025503,5,-0.30000000000000004,0
2015,2,14.743442770387404,5.440429970642924,0.0784975055560102,7,0.09999999999999998,1
2015,3,-1.7630321040695094,-8.20190612983427,0.05775456385753319,-4,-0.4,0
2015,3,9.824590011465304,9.390294603493984,-0.004347377777697892,4,0.5,1
2015,3,10.838109714090777,-7.160974429296303,0.06749371439897356,4,-0.09999999999999998,1
2015,3,-9.367353279261167,1.1983475128586605,0.030246597835348332,-3,-0.30000000000000004,0
2015,3,10.318059664779312,-1.8347993182858602,0.05711409149398061,4,0.30000000000000004,1
2015,3,8.593086296600532,3.6793628117814876,-0.05031788151939165,9,0.30000000000000004,1
2015,3,-4.669590447532087,9.464776579877253,-0.01769279714999228,4,-0.09999999999999998,1
2015,3,4.91726637204124,-4.076766721292614,-0.004661070347011909,-4,0.0,1
2015,4,-5.193677651295218,14.752175389320087,0.040727880111863124,2,0.19999999999999996,1
2015,4,-11.374785536355688,6.6592352608765,-0.0706906420714215,-1,0.09999999999999998,0
2015,4,4.790905553978789,2.3951389327773427,0.105886983278759,1,0.0,1
2015,4,-6.938583446256061,5.180371075031871,-0.01076950214109862,3,-0.19999999999999996,0
2015,5,8.883309904766776,2.004793692858499,0.010463241711487825,6,0.20000000000000007,1
2015,5,-8.772293775245359,9.696656498087364,-0.04464152439368041,0,0.09999999999999998,0
2015,6,3.7513354345108496,-3.0423593892401186,0.0168649843228571,0,0.0,0
2016,0,-0.2829217994048747,13.23157797919805,0.09224417466675411,0,0.09999999999999998,1
2016,0,-4.172570950695601,5.317300875836324,-0.09936161979263813,0,0.09999999999999998,1
2016,0,-2.050124352064671,-0.6139492461685592,0.06904680982132605,0,-0.09999999999999998,1
2016,0,-3.8497320977348863,-0.406198139923319,-0.027926968647494,0,0.09999999999999998,0
2016,1,-9.476462245065647,-2.91658196560131,-0.17406313316997357,-7,0.10000000000000009,1
2016,1,-5.387421295347522,-0.2612552570166997,0.06267698959379642,1,-0.09999999999999998,0
2016,1,-2.817606515942927,-1.5369186330973577,0.03003906587849592,1,-0.19999999999999996,0
2016,1,-11.553014825847939,-1.966672130789675,-0.22011227489019436,-9,0.20000000000000007,0
2016,1,6.841234564797361,-3.0752551927730565,-0.08388435477428902,-5,0.0,1
2016,1,15.535918542719557,2.302592563295775,0.21246295360694006,7,-0.10000000000000009,1
2016,1,-11.919739390861622,-2.8682002913877795,-0.26394255079109236,-9,0.4,0
2016,1,-17.082674188080517,-18.59511130398404,-0.3176734288193632,-15,-0.19999999999999996,0
2016,1,18.152093862564072,4.0157386026699555,0.29331536417167586,9,0.0,1
2016,1,-14.208103409925045,-5.662079248387187,-0.20445080305818675,-11,-0.09999999999999998,0
2016,1,20.443772936169495,7.032636919245334,0.32363532329714145,15,0.10000000000000009,1
2016,1,4.225573292126882,-3.488870177841818,-0.0016124877448030484,1,-0.2,0
2016,1,9.270212887558301,2.780754468742927,0.14693259668427583,11,0.0,1
2016,1,-21.476718622751832,-16.19419503242173,-0.433955279091133,-15,0.10000000000000009,0
2016,1,-5.740789274172997,7.823984683934825,-0.06575994826247111,-5,0.0,1
2016,1,8.901694627107005,-4.042213919269358,0.22194475024486715,7,-0.4,0
2016,1,-5.436197728370601,-2.1000985505401673,-0.18382459589195138,-9,0.0,1
2016,1,8.420183693472353,1.7699803005681503,0.046563900188782203,3,-0.29999999999999993,1
2016,1,-4.473303614306758,-4.460617807156694,-0.17345327418587841,-7,0.30000000000000004,0
2016,1,18.56872454320343,3.2591913659188805,0.145636064583604,13,0.20000000000000007,0
2016,1,-2.1480028943010154,-0.5730154582236224,-0.1533815933527134,-5,0.4,1
2016,1,-4.751079837342914,4.112171756423251,-0.05196194235625551,-5,-0.09999999999999998,0
2016,1,14.482411605532036,2.133684362859327,0.36465157151543864,13,-0.30000000000000004,1
2016,1,-21.160577952131135,-10.518657618320802,-0.3312133079550444,-15,-0.30000000000000004,0
2016,1,-4.657274502016094,-5.413806785229099,-0.3581905884329627,-11,0.30000000000000004,1
2016,1,4.187988979765194,-4.069333266817921,0.02648430747747521,1,0.09999999999999998,1
2016,1,6.203267988712653,-1.0952757882508308,0.08146100408614387,-3,-0.09999999999999998,1
2016,1,6.075695929977485,11.770681724195086,0.19830380815845072,11,0.0,1
2016,1,2.0313323181769363,4.031668975037505,-0.10503680507425706,-3,0.09999999999999998,1
2016,1,21.684693445295608,8.559717070667645,0.3179971046382734,13,0.10000000000000009,1
2016,1,5.377412098122562,-3.3584344974343736,-0.009461240033245555,-3,-0.29999999999999993,0
2016,1,-15.12163514100476,-5.057629683887029,-0.29614525977930933,-13,0.20000000000000007,0
2016,2,-11.939133895172148,3.5035907636491572,-0.25094770603265737,-8,0.30000000000000004,0
2016,2,1.864112172775151,2.764208049875478,-0.10828527452469949,-8,-0.09999999999999998,1
2016,2,-1.7562411405308183,-3.176813925140536,-0.0667652911308545,-1,-0.10000000000000009,1
2016,2,13.434709206359429,-2.8929479110928185,0.24776593506218314,8,-0.30000000000000004,1
2016,2,10.162529258891922,3.257468058072746,0.11894612255095527,8,0.30000000000000004,1
2016,2,-9.252868312429925,8.726502588974782,-0.1509207744435287,-8,0.0,0
2016,2,-13.957108985393504,-0.20474396718965693,-0.06089895877938589,-8,-0.30000000000000004,0
2016,2,1.706304783721734,7.62812662448475,0.08994286665305873,8,0.0,1
2016,2,-8.198206842741655,1.5806132013340175,-0.17789478558704303,-8,0.30000000000000004,0
2016,2,-7.9685840026725145,7.43230100505528,-0.34191601766456525,-8,0.4,0
2016,2,6.183749221720319,0.6639209845981355,0.14032911319460206,8,-0.09999999999999998,1
2016,2,-3.9703393000079785,-1.5716274626900457,-0.07623784257806276,-7,-0.10000000000000009,0
2016,2,7.6909845773701875,5.599257003921082,0.2056024168985482,5,-0.19999999999999996,1
2016,2,-3.2671562394969555,-4.298211458228479,-0.10261858942715596,-8,0.09999999999999998,0
2016,2,8.380580779809435,4.819545848194565,0.04907117371191805,5,0.4,1
2016,2,-8.297091024909236,0.8065302342341596,-0.00013233433187942456,-5,0.0,1
2016,3,5.6176301211383475,6.143792396568642,0.08063814350686471,4,0.5,1
2016,3,5.156493558723355,-1.1660857109007026,0.048548484610415055,1,-0.20000000000000007,1
2016,3,2.8112215275973256,-2.8522029789256464,0.03451513236238579,-3,-0.20000000000000007,0
2016,3,3.650950880673321,5.733552425217496,-0.022720379817146363,1,0.10000000000000009,1
2016,3,2.152793666954622,3.392670740330999,0.10203521197807086,4,0.10000000000000009,1
2016,3,9.462385687156797,-9.896424415592392,0.012134344822934962,1,-0.09999999999999998,1
2016,3,5.853909942701293,-0.8688734365633621,-0.10717412156956097,-1,0.30000000000000004,0
2016,3,-1.3050411929992691,8.02968137573437,0.02006922992178839,3,0.19999999999999996,1
2016,4,0.01898999590918038,-2.623087595327675,-0.04478614235259759,1,0.20000000000000007,0
2016,4,2.3742444281319592,-0.5741345236911428,-0.03033243375295691,-1,-0.19999999999999996,1
2016,4,-5.285260183858341,-8.362021782153136,-0.029707040553857977,-5,-0.20000000000000007,0
2016,4,8.260226925812262,2.5895005953096444,0.04853908128537543,9,0.19999999999999996,0
2016,5,11.745233482609947,-1.3471438945799434,0.03313231797073024,9,0.30000000000000004,1
2016,5,-4.8809727401930445,-2.5348361816775196,0.031704127214428945,0,-0.20000000000000007,0
2016,6,-0.28951718588741926,4.113127883202381,-0.016089431657615227,-1,0.0,1
2017,0,-10.088524369934078,8.425878165941157,-0.013144786334351455,0,-0.19999999999999996,1
2017,0,-0.7818955171030382,-0.40583458516078963,0.0660303936266477,0,-0.10000000000000009,1
2017,0,4.012060539772548,-0.41728351957610244,-0.15462494695434478,0,0.10000000000000009,0
2017,0,-5.208167857322323,6.11418407135578,0.04834003565404976,0,0.19999999999999996,0
2017,1,14.428855545940635,6.989018457713641,0.32086693028826985,13,0.0,1
2017,1,12.181310575967885,4.359734172256765,0.3964729672641963,9,-0.4,1
2017,1,-9.105558330180443,-8.005285567357092,-0.29333663140903926,-9,0.20000000000000007,0
2017,1,7.336586855105537,8.069887791749665,0.32656676105101295,11,-0.30000000000000004,1
2017,1,9.504643135268893,23.319146060030533,0.11997915168872503,15,0.09999999999999998,1
2017,1,5.914615555709787,4.380627509895163,0.20011379081693703,7,0.0,1
2017,1,-2.0381755680844975,3.715345322788494,0.21425036796677333,7,-0.19999999999999996,0
2017,1,1.2481964051607264,1.087447517347158,0.06380719393889922,-1,0.19999999999999996,0
2017,1,-11.484992185285137,1.1177174196917576,-0.25003752428300086,-7,0.19999999999999996,0
2017,1,6.2795051043558345,4.899232091390118,0.2780484835070187,9,-0.19999999999999996,1
2017,1,10.029340555653604,2.1070035524131185,-0.07085938445626316,3,0.10000000000000009,1
2017,1,23.05746327792656,8.985644673565318,0.2928377493570007,15,0.20000000000000007,1
2017,1,6.224948723462177,-17.975595270734658,-0.2634213198701109,-7,0.4,0
2017,1,6.9495676036068375,9.55861070921982,0.2686400270239559,9,-0.10000000000000009,1
2017,1,-3.7160665218896582,10.363726802198457,0.027546322404118584,1,-0.19999999999999996,1
2017,1,2.175375715589041,0.024100796417783954,0.07562605752559082,-5,-0.10000000000000003,1
2017,1,5.817727861767125,-4.146133032150203,-0.019179167262380337,1,0.10000000000000009,1
2017,1,-6.744582316449964,-8.37140040461928,-0.3321450420814948,-11,0.19999999999999996,0
2017,1,-3.0415826053410626,-2.3030521818044605,0.09294920604397783,-5,-0.29999999999999993,0
2017,1,13.195258566757786,10.744577529076679,0.3062658134874733,13,-0.10000000000000009,1
2017,1,-23.901548042011044,-6.0446025606389355,-0.3751266657838454,-15,-0.10000000000000009,0
2017,1,-12.581185654353703,-12.684638090495397,-0.32474736597269566,-13,-0.09999999999999998,0
2017,1,12.855202520651062,12.699644136327805,0.32728586477161925,13,-0.09999999999999998,1
2017,1,-3.383371590783341,4.7898996275377215,-0.013577258277564619,3,0.20000000000000007,1
2017,1,-0.9129694194679985,1.735765035767983,-0.023663935495241928,1,0.09999999999999998,0
2017,1,19.83661774292362,14.900389069875033,0.39305383151229456,15,-0.20000000000000007,1
2017,1,-8.2491046929363,-11.917792971209494,-0.20091159558609067,-11,-0.20000000000000007,0
2017,1,-3.138918463875143,1.2458998895343427,-0.07162472933410724,-5,0.30000000000000004,1
2017,1,13.076285039231593,-12.839191913585282,-0.018929996450795405,-3,0.09999999999999998,0
2017,1,18.468455638483675,3.2315046259340505,0.16119990663820638,11,0.0,1
2017,1,6.752642147505782,6.479509307869591,-0.011107383694399675,5,0.5,0
2017,1,-6.228769193471109,-4.660245072000748,0.04729716734002298,3,-0.19999999999999996,0
2017,2,0.5047929330711014,1.730322071635598,-0.1374224368210587,-5,-0.09999999999999998,0
2017,2,6.317606319204103,-0.2376753040774986,0.25798760724385494,8,-0.5,1
2017,2,-4.810278365705116,2.096768395794726,-0.007561936577321071,-1,-0.19999999999999996,0
2017,2,-6.647940961217856,-8.588724376442457,0.10598506688431863,-7,-0.4,0
2017,2,-3.3506023948737464,3.1073388749110507,-0.06136247589371813,1,-0.09999999999999998,1
2017,2,-4.018811267632103,7.134699997195156,-0.008809249529522445,1,-0.10000000000000009,1
2017,2,7.571361999274217,-0.4289473793235601,0.003718876045593178,7,0.5,0
2017,2,-0.18207370521142252,2.687224869175978,-0.04980395543239391,8,0.3,0
2017,2,2.8832757090942067,6.59057142037409,0.10854800847696211,8,0.0,1
2017,2,9.885867667074237,0.2824078733309534,0.03545099761886261,8,0.30000000000000004,1
2017,2,1.0175858183154105,0.9007062781364397,0.1844333958208456,8,0.0,1
2017,2,5.776323199501334,-6.209638671855714,-0.025837123667881712,-5,0.20000000000000007,1
2017,2,6.12118692892102,8.324340104145762,0.06634959507412563,7,-0.10000000000000009,1
2017,2,-6.4514420708892,-0.1453987715482583,-0.05227677284016852,-8,0.0,0
2017,2,-13.3934375007248,6.515431314035808,-0.02723370017796467,-5,-0.29999999999999993,1
2017,2,-7.554188554360152,7.542836500116579,0.00602157862031405,-3,-0.20000000000000007,0
2017,3,-2.479448762712181,-3.033985046826956,0.12324594507187459,-3,-0.20000000000000007,0
2017,3,-4.946472681817241,1.4234529638308402,-0.06712610027208699,-3,0.0,0
2017,3,-5.5036922069663206,3.748065894159893,-0.061046582903204194,4,0.0,1
2017,3,2.0905876708923614,2.4143604713074183,-0.08100697044062832,9,0.6000000000000001,0
2017,3,-2.006676957104375,-3.0877866294154614,-0.04773134707034343,-4,-0.29999999999999993,0
2017,3,-4.454095044169151,8.20066120254171,0.1084187183262505,1,0.09999999999999998,1
2017,3,-3.1880594716250386,-5.385630156989734,-0.003897437957843475,-3,-0.19999999999999996,0
2017,3,7.603153384580281,-4.942068047730643,0.022242112068868947,4,0.09999999999999998,0
2017,4,2.231566720471335,11.621771976590153,-0.17046968389457318,10,0.6000000000000001,1
2017,4,3.7085833055048596,-0.7331551093833042,0.09818241266942673,2,0.0,0
2017,4,-2.564868737696017,0.13304981741107724,-0.01992196643115296,-1,0.30000000000000004,0
2017,4,7.935526722116236,0.02834836810640695,0.04941275313596438,3,0.29999999999999993,0
2017,5,9.101618044086294,2.7793974435590485,-0.13063226301000308,6,0.5,1
2017,5,3.1472660017291645,2.3944234862111387,0.0811967950487037,2,-0.10000000000000009,1
2017,6,3.137561539890328,-5.178487404875099,0.16554798971197904,0,-0.20000000000000007,1
2018,0,0.4366580458241458,-7.041005327689646,-0.0961332305216514,0,0.0,0
2018,0,4.30947190315716,-1.545823973643195,0.07793714797912599,0,-0.30000000000000004,0
2018,0,-9.81440936730391,10.053698374749118,0.06921466031127432,0,0.09999999999999998,1
2018,0,-9.651767627694639,2.076117619741936,-0.16841380827919672,0,-0.10000000000000009,0
2018,1,7.315633500351765,-3.2048583241568593,-0.10651004035089895,1,0.09999999999999998,0
2018,1,-2.3302699730706564,-2.3394393841806362,-0.1512743676674454,-9,0.0,1
2018,1,13.443703479886196,14.623152748057208,0.27143776875188896,13,0.09999999999999998,1
2018,1,-5.673808052582999,-5.781514103318003,-0.15645822809291454,-5,0.4,0
2018,1,-13.889164667123069,-0.2597590071003424,-0.16875841947166859,-9,-0.09999999999999998,0
2018,1,-4.758156503510364,-0.8151975728589207,-0.01568410835941081,-5,0.09999999999999998,0
2018,1,18.44599571432566,1.274676322188867,0.35989354255579087,15,0.0,1
2018,1,-1.170981141904278,6.72693138542968,0.19882466666044296,7,-0.10000000000000009,1
2018,1,-2.7481673007389418,1.1012987655162618,-0.11128735345118823,-5,0.4,1
2018,1,7.703376741169379,8.038719036360177,0.25821605894976263,11,0.09999999999999998,1
2018,1,-2.1197909069277614,-6.656766168503367,-0.2516947127305713,-7,0.4,0
2018,1,-4.90683626002965,2.1570337391552385,-0.14705346434327282,3,0.39999999999999997,1
2018,1,2.1719760282443303,3.1844738150802243,0.07905697573813708,1,-0.19999999999999996,1
2018,1,14.833149375185215,5.076228263337654,0.33744829236335316,11,-0.10000000000000009,1
2018,1,8.376929494757263,5.7801408453609895,0.393531244984477,11,-0.4,1
2018,1,26.970171139167093,8.7526777898033,0.3743158864104264,15,0.10000000000000009,1
2018,1,-7.256034980843239,-7.293198743435653,-0.2814075141801509,-9,0.4,0
2018,1,0.5752606969398784,-5.150248921746822,-0.01022747735367191,3,0.29999999999999993,0
2018,1,3.003794041875082,13.949165013747631,0.15624259516262567,13,0.20000000000000007,1
2018,1,-5.730562769281079,-1.9859028950252906,-0.2535325502801847,-7,0.30000000000000004,0
2018,1,2.0114781583151,-0.30505926399196426,-0.022332523940691407,-1,-0.19999999999999996,1
2018,1,-6.738193521990709,3.7117077976688506,0.020627932666216098,-1,0.19999999999999996,1
2018,1,12.467127575463778,0.0028950965218115243,0.12483058934818342,9,0.0,0
2018,1,-10.667212885572923,-7.094435767176506,-0.23987692910603947,-11,0.0,0
2018,1,9.477984276385811,-8.931189707857655,-0.12047226681328949,3,0.29999999999999993,1
2018,1,17.389887574193963,4.700631683543634,0.3791781356577526,13,-0.20000000000000007,1
2018,1,21.587920632203804,6.706231365124694,0.2503336004675281,13,-0.20000000000000007,1
2018,1,13.467863810264717,-8.386778425374274,0.010290242966516816,5,0.0,0
2018,1,2.757044411889538,1.2619987351412902,0.017692153976375025,3,0.09999999999999998,1
2018,1,-12.549793405268915,-15.399229811528627,-0.3212630813766345,-15,-0.09999999999999998,1
2018,1,10.150618790651379,4.957279295308936,0.30281471785785274,7,-0.4,1
2018,1,-16.331818238948244,-14.941545583055813,-0.32802680547934354,-15,0.0,0
2018,2,12.713209144197478,4.3054672006706625,0.12278790483228108,5,0.09999999999999998,1
2018,2,1.2997159462504158,-0.5968686530355569,-0.1511777606066117,1,0.4,1
2018,2,-4.292693617421548,-1.8475243204478886,-0.05024463075625396,-7,-0.4,0
2018,2,1.2863306430220405,7.074293989326208,0.2554098907823541,8,-0.10000000000000009,1
2018,2,-3.7570143648366354,-3.300041578819773,-0.1892387022674471,-8,0.30000000000000004,1
2018,2,0.4646713931210513,-3.6193272055127608,-0.10944618869659162,-3,-0.09999999999999998,0
2018,2,-2.5090110646593757,2.4312739198985014,-0.01770059967354254,3,0.0,1
2018,2,-20.541935061365777,-1.3098696432569028,-0.006998799653806453,-8,-0.4,0
2018,2,1.412811205276995,-3.8047962978576493,-0.031589795237717766,1,0.0,0
2018,2,-7.900502932074161,0.9764865396354168,-0.04098851620244337,-8,-0.4,1
2018,2,7.350474000494714,8.519137285397491,0.3118038269158132,7,-0.20000000000000007,1
2018,2,7.005809436981153,-15.147827293890046,0.042642625892687414,-5,-0.10000000000000009,1
2018,2,7.131021142886468,-0.39743992548832807,-0.03398086098201547,8,0.19999999999999996,1
2018,2,12.881049063651261,-2.256001659909657,-0.05199617917999766,8,0.4,0
2018,2,-9.431790813875963,2.346261752978691,-0.01330455987513568,-5,-0.09999999999999998,1
2018,2,-12.362117785748879,-6.871076345853936,-0.20823839366223967,-8,0.20000000000000007,0
2018,3,-4.160735105449234,-1.4597412271688484,0.1315136300343024,-5,-0.6,1
2018,3,-6.327671751930524,1.9745636439011207,-0.05557187203540237,-4,-0.09999999999999998,1
2018,3,-8.32830815177843,7.291453536578459,-0.0679565389787502,-4,0.30000000000000004,1
2018,3,-3.2169305195255617,-4.3376365637160745,0.05656261821202113,-4,-0.30000000000000004,0
2018,3,16.380993923115838,-0.9220341977806754,0.008802508913226315,9,0.19999999999999996,1
2018,3,9.606365886342843,-3.2561988551966294,0.07036325544937627,4,0.30000000000000004,1
2018,3,-10.478880923351682,4.25076628581715,0.012355561065665377,-1,-0.09999999999999998,1
2018,3,7.570214989684828,1.7421691557040617,0.05005664347559313,4,0.20000000000000007,1
2018,4,-0.965025096175566,1.7068555302260222,0.14348801924017907,2,-0.4,0
2018,4,1.3190769514326348,5.969973512390126,0.008875857267810039,6,0.5,1
2018,4,0.19264385381387683,3.376293045705296,-0.0537703324914921,-1,-0.10000000000000009,0
2018,4,-15.652435216524708,2.608302420443522,-0.044520243823412686,-2,-0.30000000000000004,0
2018,5,-3.9597412144510713,-5.0141249541311765,-0.13584458895962326,-8,0.09999999999999998,0
2018,5,-6.238667112450926,-2.2807589417934366,0.018224504914798767,0,0.0,0
2018,6,-13.982295654743936,3.7069813839052586,-0.06624113037363577,-2,0.09999999999999998,0
2019,0,-5.646946098587591,3.285798669477444,0.1869604749683123,0,-0.20000000000000007,0
2019,0,2.819298841297794,-4.69367923927831,-0.004542066950288914,0,-0.09999999999999998,1
2019,0,-1.2651274303033802,-1.9395941039919933,-0.006180520101258247,0,-0.29999999999999993,0
2019,0,-8.497321927312555,0.8949491935798193,-0.16993463724125202,0,0.10000000000000009,0
2019,1,-9.16182792323255,-2.7760682106768115,-0.3180758785656981,-7,0.09999999999999998,0
2019,1,4.0748738151796005,-5.01398828549172,0.006829176976160478,-1,0.0,1
2019,1,-2.386893686730332,4.101162926320711,0.18733791200000383,-3,-0.09999999999999998,1
2019,1,-4.346620107755683,-6.910979788191881,-0.3272520592008391,-9,0.09999999999999998,0
2019,1,18.6655721561074,20.18896091553897,0.2894325767527407,15,0.0,1
2019,1,-3.5472659130048783,-9.853071493415754,-0.2989728649947212,-9,0.20000000000000007,0
2019,1,-16.247100431831356,-10.61932945018232,-0.4381037816678103,-13,0.10000000000000009,0
2019,1,7.109100742980843,5.682988532382382,0.22977595857336547,11,0.10000000000000009,1
2019,1,3.520226392488553,-7.5188952152083175,-0.27141663357027485,-5,0.4,0
2019,1,7.982947636252604,17.37161799408632,0.35423947374582926,13,-0.20000000000000007,1
2019,1,18.477571268393163,9.277690022212255,0.3006298271024417,13,0.09999999999999998,1
2019,1,2.5919393858639808,3.246468622907557,-0.020637339135331056,3,-0.2,0
2019,1,1.1148966168150736,2.5790406860566435,0.2477581800624355,7,-0.5,0
2019,1,23.27405059600484,0.08052625066765984,0.28863873542167223,11,-0.10000000000000009,1
2019,1,-1.3916128893615394,2.694056980151558,-0.11137757736814113,-5,0.20000000000000007,0
2019,1,-8.543079829675904,0.08533293125258012,0.20297518149429855,-3,-0.4,0
2019,1,-4.9634964951304426,-2.2949097036920705,0.06480618312544761,-5,-0.30000000000000004,0
2019,1,11.937558617767607,19.597221427597148,0.3091954435471157,15,0.0,1
2019,1,8.852617535143239,10.614492736866907,0.09545066192962792,11,0.0,1
2019,1,-3.672771448936018,6.866097852537479,-0.06598541856945028,3,0.4,0
2019,1,-7.489711240753806,-2.5909550177087795,-0.33323687262671775,-7,0.20000000000000007,1
2019,1,14.47351843494468,17.05736915604244,0.3568733964973652,15,-0.19999999999999996,1
2019,1,-10.532708202580153,2.7776192864052263,0.01324985100044529,-5,-0.2,1
2019,1,-2.781870869699361,4.729160691322377,0.09791273217157703,-1,-0.09999999999999998,1
2019,1,0.005597161253220406,-2.927547102791877,-0.11566485788658731,-7,0.20000000000000007,1
2019,1,-13.291128770016996,-9.922968818571206,-0.2877326623293898,-13,0.4,0
2019,1,-7.067125649840435,-15.925634961920366,-0.28104576592770925,-11,-0.09999999999999998,0
2019,1,0.5130782399572382,9.629236014883233,0.29631392280024454,9,-0.30000000000000004,0
2019,1,8.017020709550664,-5.7020114283668875,0.07264616488084208,-1,-0.20000000000000007,1
2019,1,16.686425878535644,16.479040950980362,0.3220632857527602,15,0.09999999999999998,1
2019,1,-16.302878888957963,-2.170919747712162,-0.1142236261460613,-9,0.09999999999999998,0
2019,1,-5.8487466545259394,3.5971909381165403,0.1427227194861288,-1,-0.30000000000000004,1
2019,2,-8.287736033863624,2.7351235000426755,0.05641563706959074,1,-0.20000000000000007,0
2019,2,-1.0413858188947387,-7.57083733801052,-0.2959670708742734,-8,0.19999999999999996,0
2019,2,-9.00644035071781,-9.390976107887212,0.10163171399634607,-8,-0.5,0
2019,2,0.9468920753591732,7.188793269222245,0.2301045291316856,5,-0.30000000000000004,1
2019,2,6.2939682861729835,-3.3421463591511156,-0.001710690346527266,3,0.30000000000000004,1
2019,2,-4.187979770296963,-6.084683390654817,0.024039362620648652,-8,0.0,0
2019,2,-9.494253142592981,-5.252741978022101,-0.0250057401830327,-8,-0.4,0
2019,2,-7.981846261904749,-4.533904111983844,-0.063839613797675,-3,-0.09999999999999998,0
2019,2,-6.047951690836683,-4.011607687681547,-0.09918866214548427,-8,0.0,0
2019,2,7.996909470187873,3.40663212777811,-0.10973289131184605,8,0.5,1
2019,2,14.294638174968043,1.6048754278631776,0.0959148777868416,8,0.10000000000000009,1
2019,2,-0.7062365896038045,-5.835587348973078,-0.21224775905921228,-1,0.19999999999999996,0
2019,2,-6.699380104336342,-5.338988591365748,0.0049702614104866205,-8,-0.19999999999999996,0
2019,2,1.3994634693789294,9.970906572361542,0.14343015689851468,3,-0.09999999999999998,1
2019,2,12.518237235903243,3.20322248035356,-0.0783279492141884,8,0.5,1
2019,2,-8.433090410815481,-6.035383465688554,-0.26807649408491585,-8,0.30000000000000004,0
2019,3,-11.860164778861318,-1.0431618677694132,0.10464890967022389,-3,-0.09999999999999998,0
2019,3,0.03176630727364227,-0.9287106815071553,-0.06212590876031121,1,-0.09999999999999998,0
2019,3,0.6126951211889775,0.34870436459510756,-0.012969757661008607,-1,0.30000000000000004,1
2019,3,14.8004227408166,1.6694053193022853,0.07653485478970024,11,0.09999999999999998,1
2019,3,1.2010086678603216,-3.7930875417867327,-0.0014051702074995287,-4,0.09999999999999998,1
2019,3,-1.0087320093151675,-4.159753354598891,-0.07893684196201045,-3,-0.09999999999999998,0
2019,3,-1.6649225558649192,-0.6567403512833323,-0.09804205892558915,-1,0.10000000000000009,0
2019,3,1.916988975356432,5.593930049602292,0.05085506095072523,1,0.09999999999999998,1
2019,4,-8.427087734747161,4.587456406636335,0.10428526352783773,-2,0.0,1
2019,4,-0.27993269570860946,-4.475755137476639,0.05295516826641511,-2,-0.20000000000000007,0
2019,4,3.764973757467388,-5.4454628698173195,0.014009612574470087,-3,0.20000000000000007,1
2019,4,0.9703788719357931,-1.8812029194860287,0.02790367089032819,-1,0.20000000000000007,1
2019,5,4.673194106688783,-5.839803138525411,0.05940737803141016,1,0.0,0
2019,5,1.7498059483388602,5.313391800557355,-0.02613764538283625,4,0.0,1
2019,6,-7.835830253458269,4.677895504646628,-0.001961600725838286,-2,0.0,0
2021,1,-2.382586261112195,3.266646716986216,0.1172568275358663,0,0.10000000000000009,0
2021,1,-0.581610253245529,-1.4114231817616343,0.032147573619887404,0,-0.19999999999999996,0
2021,1,-2.790831506713076,2.4452424676085656,0.0003507148499539703,0,-0.20000000000000007,0
2021,1,-9.10463449417999,0.884808647211841,-0.0072870917668218516,0,0.09999999999999998,0
2021,1,0.6690490697149585,-8.97947918802268,-0.32125593376077743,-11,0.09999999999999998,0
2021,1,-27.80048123723256,-6.226705404689525,-0.32781719838302326,-15,-0.10000000000000009,0
2021,1,0.7420604819951251,0.5700884483268567,0.08999962707252496,3,-0.09999999999999998,1
2021,1,-18.629500316060543,-10.558608417872861,-0.19131273709368646,-13,0.0,0
2021,1,-10.211840630424334,-14.154929054489386,-0.37201580311061055,-15,-0.20000000000000007,0
2021,1,-4.1211635785057865,6.981640734364774,-0.1914781023830574,1,0.09999999999999998,1
2021,1,-6.600251163716976,-1.8828879812498798,-0.2274722012123802,-9,0.0,1
2021,1,-0.5211577144958,8.949741778060812,0.4313780119905024,9,-0.19999999999999996,1
2021,1,12.612120571803416,6.961124074669442,0.3250144017012238,13,-0.19999999999999996,0
2021,1,3.432280996391995,-6.847492164905873,0.026657964603849393,-7,0.09999999999999998,1
2021,1,-0.840986096547482,0.5576856891930362,-0.03809584833686097,3,0.19999999999999996,0
2021,1,-2.1256794478232166,5.2911598676305545,-0.13394580086589714,5,0.4,0
2021,1,-7.624522994744126,1.5406200007580821,-0.12228302955619275,-5,0.19999999999999996,0
2021,1,-13.8012894706375,-0.2923254196817311,-0.42311458653448725,-7,0.4,0
2021,1,16.019061004839287,1.5092625134232236,0.35070013414719525,11,-0.30000000000000004,1
2021,1,3.444746721082481,1.6899189432611195,0.025563585398672095,-1,-0.3,1
2021,2,12.135316136705526,0.5456245686204397,0.42389729077409316,11,-0.09999999999999998,0
2021,2,-11.075328475006444,-9.279985544486053,-0.4160244176778303,-13,-0.09999999999999998,0
2021,2,-7.018655875105395,-2.2125374984698993,0.01640820938957277,-7,0.10000000000000009,0
2021,2,4.200586046094671,3.8821055431062064,0.3069011732164551,7,-0.20000000000000007,1
2021,2,-13.29449565205502,-4.500921380710011,-0.2586010835919696,-9,0.20000000000000007,0
2021,2,-27.701195464796314,-11.285333087343147,-0.3614938600830966,-15,-0.30000000000000004,0
2021,2,19.024990436113626,-0.04032740290566039,0.34323024797285717,13,0.10000000000000009,1
2021,2,-0.7254336843306959,9.569331711942723,0.31214733204184525,11,-0.09999999999999998,1
2021,2,-10.030739868923021,6.273033637442808,-0.09065698170366199,-1,0.0,0
2021,2,-2.199337202813382,-1.3612552035590824,0.0134350245069228,-3,-0.09999999999999998,1
2021,2,18.459925727619463,12.775411840690637,0.44847580409273546,15,-0.20000000000000007,1
2021,2,3.178392080066118,5.1253752862102715,0.17550523418388453,9,-0.20000000000000007,0
2021,2,0.5711449568079985,-0.2003868156109263,-0.06052457681004064,1,0.0,1
2021,2,-2.9997053273346808,1.588273839111153,-0.12894314186098765,5,0.29999999999999993,0
2021,2,3.5645439099843657,10.077244644972453,0.28409042235674364,5,-0.09999999999999998,1
2021,2,2.18989273573105,-0.4854022777312679,-0.01905247199774396,-3,-0.4,0
2021,2,-12.372945607829706,1.5713711460451378,0.0947452408405306,-8,-0.5,0
2021,2,-12.414311143395281,-0.8205084487760956,0.17274478043949204,-8,-0.30000000000000004,0
2021,2,-7.252809075598776,1.4534215390222158,-0.2683226112736712,-7,0.0,1
2021,2,2.4242529719714554,9.87646651736027,0.29447952900436863,8,-0.19999999999999996,0
2021,2,2.5867618001384756,-4.56771149614174,-0.0027194942578078196,-8,-0.10000000000000009,1
2021,2,2.7765719959243,0.3174279913358049,0.03172986604640182,8,0.0,0
2021,2,-12.728736047176739,0.6150510617312648,-0.2039214049519401,-8,0.19999999999999996,0
2021,2,0.05724449411233934,5.193485179914049,0.02065989741653851,8,0.30000000000000004,1
2021,2,-2.042100671514035,-5.98620121081629,-0.21304552425434065,-8,0.20000000000000007,0
2021,2,0.47978270236863807,0.5494118920775009,0.018639900054603142,-1,0.09999999999999998,0
2021,2,14.184503117772238,4.822440674632787,-0.053137628751046884,7,0.6,1
2021,2,3.2343037833476984,-8.9247613346609,-0.050583360966883095,-7,0.0,0
2021,2,7.530587695547709,0.27530527361230384,-0.007367057063590643,5,0.0,0
2021,2,-15.410290933197203,1.9128513266717562,-0.4747972808121422,-3,0.5,0
2021,2,-5.554036779959901,-1.0703328509547703,-0.04759448334322047,3,0.20000000000000007,0
2021,4,1.9613104070789689,12.86717679994662,0.2333518652173317,12,0.20000000000000007,1
2021,4,6.422852028761923,3.8822595757659286,-0.07307610812117438,4,0.30000000000000004,1
2021,4,-5.755414770943858,-5.534853208185098,0.10816461039966419,-9,-0.20000000000000007,0
2021,4,1.424164465849941,-7.630979014077852,0.2181488853909792,-4,-0.20000000000000007,1
2021,4,-13.324358932310801,-2.690333143193257,0.07498007276141505,-4,-0.30000000000000004,0
2021,4,1.3487356908832027,2.4441369298368585,0.046373126949811994,3,0.09999999999999998,1
2021,4,-4.000933064670079,5.900160540792129,-0.013386412320033347,9,0.5,0
2021,4,1.592111698002924,-6.955579610538194,-0.022486167796203937,-1,0.20000000000000007,0
2021,4,-15.126323683961289,1.506257289184802,0.008745876919602269,-2,0.09999999999999998,0
2021,4,-8.039801423715161,-5.560949387392512,0.12187095681537052,-10,-0.10000000000000009,0
2021,4,-11.606590669952638,0.4305462442715111,0.10927790125191728,-5,-0.4,0
2021,4,0.6101885866420247,4.970946234594436,-0.005592873919994412,10,0.29999999999999993,0
2021,5,5.757431155504165,-1.6534202079575948,0.0644256322241612,1,0.0,1
2021,5,-9.963512943676122,-4.6325731918138615,0.12310622845512942,-10,-0.6,0
2021,6,-1.0269107350892739,-1.9795721628395597,0.02222671730036818,0,-0.19999999999999996,1
2022,0,0.1790212893779568,-5.67210336151328,-0.10950698514328272,0,0.09999999999999998,0
2022,0,-0.11516615128518026,4.360262798275485,0.1290817594327705,0,0.10000000000000009,1
2022,0,6.184465728705575,-0.4007374827915555,-0.0036401578285857328,0,0.09999999999999998,1
2022,0,1.9400289553401109,-2.10087249281176,0.060359132282762185,0,-0.20000000000000007,1
2022,1,0.9790293335625933,-6.638390486133048,-0.3550832568028996,-9,0.20000000000000007,0
2022,1,-17.07430502623508,-11.618570691154204,-0.4552249965176304,-15,0.20000000000000007,0
2022,1,2.464460845663453,-5.217047137721181,0.051207937906260215,-1,-0.10000000000000009,1
2022,1,-18.400925539648952,-8.53059240310661,-0.16065075832108622,-15,0.09999999999999998,0
2022,1,23.510933326906255,7.203667917308408,0.40880554736943625,15,0.0,1
2022,1,-4.861980128487787,-0.3055183103246577,-0.06975621360352946,1,0.0,0
2022,1,2.032281170687412,1.85843245744951,0.15753416237834206,-5,-0.30000000000000004,1
2022,1,-0.13027365954523873,-3.1763520247415187,-0.18910115353556306,3,0.4,1
2022,1,7.193816387523924,0.12351249104861495,0.1580876388366722,7,0.0,0
2022,1,6.728804539984083,3.0988779637681887,0.009432649336049037,1,0.4,1
2022,1,2.640299803955628,-7.9942147176342075,-0.281445695850346,-9,0.30000000000000004,0
2022,1,-14.165558438346551,-1.8501062409390556,-0.038529376688658745,-7,-0.20000000000000007,1
2022,1,2.1124055180722934,1.1307040553132595,-0.06190393242562453,7,0.29999999999999993,1
2022,1,19.984643155973643,-2.267067237070677,0.1950146508378114,13,-0.10000000000000009,0
2022,1,-6.283343005867451,-17.41141050840278,-0.4048483698020837,-11,0.0,0
2022,1,-10.364791870115909,-9.417924156982878,-0.30501841530742974,-9,0.0,0
2022,1,13.230303514554251,12.494838575558305,0.27179715200702537,15,0.20000000000000007,1
2022,1,-7.156629821790162,-12.194322845795398,-0.31091193535174516,-13,0.0,0
2022,1,20.762365594974113,7.13181716916165,0.28201949617892236,13,0.10000000000000009,1
2022,1,4.722406765936725,10.61976588645311,0.19424509829797232,7,0.09999999999999998,1
2022,1,-4.628791814240628,-4.285526961235632,-0.23330038598991815,-9,0.20000000000000007,0
2022,1,4.559739641169401,-1.2575511886985566,-0.018685949436840654,5,0.19999999999999996,0
2022,1,4.935407565850383,-1.6953605517315822,0.06931853561250467,-3,0.0,1
2022,1,-4.163892957691175,4.5029374223680065,0.20301064884679965,3,-0.29999999999999993,1
2022,1,2.384245159312883,-1.556939437234675,0.1065295653802093,5,-0.19999999999999996,0
2022,1,-8.542565889602855,6.20068309339257,-0.1650423347990333,-3,0.19999999999999996,0
2022,1,-22.190994201046124,-0.3343506451178655,-0.25108388563019574,-11,0.20000000000000007,0
2022,1,-3.1993610669790655,-1.3742013270716598,-0.045159671581837424,1,0.29999999999999993,0
2022,1,3.05612325834862,-3.716859382274677,-0.0122571255722137,-5,0.30000000000000004,0
2022,1,6.929617184059481,17.07023720168057,0.34650205830304276,11,-0.10000000000000009,1
2022,1,10.651758507392017,10.157128943147441,0.2698333166958473,13,0.20000000000000007,1
2022,1,1.6829347605252991,9.798976829984767,0.3809549259186369,11,-0.30000000000000004,1
2022,2,2.701858963040408,5.3279112861741,0.19729309827417552,8,0.0,1
2022,2,-7.859997084839392,-2.739166606954214,0.0937443997196653,-8,-0.09999999999999998,0
2022,2,-14.976661433684313,-0.8684135863622089,-0.077568092877489,-8,-0.10000000000000009,0
2022,2,-2.635347345045119,9.14971015727643,-0.04281799451504931,8,0.4,0
2022,2,-3.3530938006531557,-2.125644999494412,0.0018728733511887974,-7,0.10000000000000009,1
2022,2,4.480671912171232,3.571532536584499,0.051493997313546425,8,0.0,1
2022,2,10.656342147160956,-3.0763484030441504,-0.05940725434540861,8,0.19999999999999996,0
2022,2,-6.044570070983468,1.7644124613272254,-0.054447586259043,-1,-0.10000000000000009,0
2022,2,9.434483011510423,-1.662550639214814,-0.07721844578935555,8,0.5,1
2022,2,11.093848035842356,0.6220919653689663,-0.050420789525295606,5,0.4,1
2022,2,-4.613944028023695,-4.471594879222792,0.06114852613073907,1,-0.30000000000000004,0
2022,2,6.929044685289455,-5.005006965732676,0.02034279800278349,8,0.29999999999999993,0
2022,2,1.8887759576518022,-7.8660182538562395,-0.0006015828030431214,-8,0.09999999999999998,1
2022,2,-9.080191031181528,6.03107140083317,-0.010605566028965563,-3,-0.09999999999999998,0
2022,2,2.2696767743426562,-11.299639809961903,-0.0302480536057238,-8,0.0,0
2022,2,-1.7106994580442034,-5.5295730597540285,-0.01636547912907882,-5,-0.4,0
2022,3,-11.60803286815323,-0.8007029950754116,0.09926356254684687,-3,-0.20000000000000007,1
2022,3,12.206755827379794,-10.578084826862778,-0.005558382559208819,1,0.10000000000000009,1
2022,3,-1.4932095683866038,5.237132498049164,0.021258849371300848,-4,0.0,1
2022,3,3.2780759593886444,3.2497249104288812,-0.02401740156592358,9,0.4,1
2022,3,8.362602059251756,4.2141211089473245,0.09725184065927406,3,0.10000000000000009,1
2022,3,11.812489553135578,-9.483780234921838,-0.005065907400770175,1,0.29999999999999993,1
2022,3,-1.4051885248500042,-1.2039137631263657,0.03290026365950793,-4,0.0,1
2022,3,22.198398515905566,-4.3857714710988915,0.22758293238588773,12,-0.20000000000000007,0
2022,4,-14.018692380441749,5.300723812213917,0.009511976705254721,-2,-0.10000000000000009,0
2022,4,-0.6223347175550202,4.489253874087751,-0.07486016585688682,-3,0.0,0
2022,4,-6.230512503620872,-6.607342268692847,-0.07696037801283995,-9,-0.10000000000000009,0
2022,4,-15.042302642699042,0.31535423794240103,-0.24272038600691365,-7,0.0,0
2022,5,-2.625983213016852,-1.716774353241533,-0.03556630171823605,-1,0.09999999999999998,0
2022,5,8.288630858639195,-2.536455348941587,-0.0310131350357159,6,0.0,0
2022,6,5.361543610980192,2.1812763697621733,0.059057033886743215,7,0.0,1
2023,0,9.673978170702611,-9.852536628476244,-0.01894095046774147,0,0.0,1
2023,0,-6.34864413558887,-0.4398390007572033,0.02505200863453172,0,-0.30000000000000004,0
2023,0,1.2419919988246022,-4.485874080884244,-0.035103603479001655,0,0.0,0
2023,0,10.775528445010679,-9.247285126033873,-0.10894542432040172,0,-0.09999999999999998,1
2023,1,-10.31909001898184,-18.346551483897258,-0.4474918033392005,-15,0.09999999999999998,0
2023,1,-2.9968257545016,-2.0156080951643958,-0.04422709701873295,-1,0.0,0
2023,1,-6.7639845335193485,8.988045602609276,0.0020517078831856495,-1,-0.2,1
2023,1,-1.5429194177178829,-8.706431369708994,-0.30759722427746095,-7,0.09999999999999998,0
2023,1,2.661420975610895,-10.733154801253619,-0.234372513509929,-9,0.20000000000000007,1
2023,1,-14.71473696794392,-11.085001629098628,-0.21565479063821713,-15,-0.20000000000000007,0
2023,1,11.115247536941794,13.996208789002665,0.4251377623925965,15,0.0,1
2023,1,-4.6325376994170995,1.6916222607044205,-0.07066011194276711,1,0.0,1
2023,1,2.076435572476555,-6.438578203257563,-0.00856395730092252,3,0.0,1
2023,1,0.3758048798514153,-2.137839337325204,-0.055647426131911204,-3,0.0,0
2023,1,3.630081525617726,-5.024664108154553,0.0514449357909319,-3,0.0,1
2023,1,10.24362626117292,5.595246711853449,0.21840341370714778,13,0.0,0
2023,1,-1.3597650076694094,-8.15904235950103,-0.3114880874669889,-7,0.09999999999999998,0
2023,1,-0.453495854762167,-14.056489961002939,-0.2274600140997684,-9,0.29999999999999993,0
2023,1,-3.5896633279618726,-14.374983050151044,-0.3915824710334855,-13,0.20000000000000007,0
2023,1,12.610613379185011,15.053564493984751,0.314153786747391,13,0.0,1
2023,1,11.660724072846321,5.1261136644017995,0.30677306348533395,11,-0.09999999999999998,1
2023,1,-11.173619806183268,-7.049795562724896,-0.2731995608020887,-9,0.19999999999999996,0
2023,1,-1.3775244181692585,-5.91318005025947,-0.09439476881997921,-5,-0.09999999999999998,0
2023,1,-11.743526859309156,-20.968432089046587,-0.4389027356931407,-15,-0.19999999999999996,1
2023,1,1.328928175932532,0.7559809844279926,0.13419606368870174,1,-0.09999999999999998,0
2023,1,11.82192988485464,6.972404732827826,0.15790745551650576,11,0.20000000000000007,1
2023,1,-6.09191242321522,-0.10279205096279043,-0.2673455883706557,-9,0.30000000000000004,0
2023,1,-7.474699974391882,-3.515134461420061,-0.2694088682075985,-11,0.4,0
2023,1,0.7105026688664395,3.420013562995649,0.03584663515930753,5,0.19999999999999996,1
2023,1,-8.987997137956398,-6.429945799001558,-0.2581429078593058,-13,0.09999999999999998,0
2023,1,10.303219181607673,-5.230185721967345,0.19068831740522874,7,-0.09999999999999998,1
2023,1,-2.667254944109544,-0.9293174166586766,-0.09261861035630181,-3,0.09999999999999998,0
2023,1,-6.092705932076157,10.754032889572088,0.11010066339541302,5,-0.3,0
2023,1,-6.537532240019033,-2.9240588653382673,-0.09677821249301721,-7,0.20000000000000007,0
2023,1,3.265845696820122,0.3538618746235187,0.006577767690100322,5,-0.19999999999999996,1
2023,1,-12.405495353523946,-1.8685696519406463,-0.2657107212476001,-11,0.20000000000000007,0
2023,2,-3.465732345929851,-6.731045356039985,-0.05420417737690775,-7,-0.30000000000000004,0
2023,2,1.8898299148614797,1.0781860640564673,0.058229022319904344,7,0.4,0
2023,2,-4.177059251173617,-4.636915458439958,0.0872854356946422,-8,-0.6000000000000001,0
2023,2,-8.352389987232925,3.45516049572268,-0.18364130327726924,-8,0.0,1
2023,2,-1.9273152933475615,15.237038749357211,0.3019592452957767,8,0.0,1
2023,2,2.089315110660678,-5.399517193441284,-0.01557448785221438,-1,0.5,0
2023,2,-1.4162781172482681,8.9345443874967,0.028095724516804532,8,-0.10000000000000009,1
2023,2,-5.176103951744906,-4.944455736267997,0.006758390855702179,-5,-0.30000000000000004,0
2023,2,-9.41766575252771,0.7254463086096052,-0.058986514156673886,-1,-0.10000000000000009,0
2023,2,6.688063247470836,-7.361436250712316,0.010167107885871274,3,0.0,0
2023,2,7.8959383685573385,18.9135979337468,0.2806201014069039,7,0.4,1
2023,2,11.489589458516363,-4.357609777774655,-0.034806430566973745,3,0.5,1
2023,2,-3.0310246334560276,3.0640292730654863,0.037366904942832235,3,-0.09999999999999998,1
2023,2,6.058089599193934,-4.007152270191,-0.05537112333992,-1,0.20000000000000007,1
2023,2,-4.293298428642359,-0.41089545247253056,0.08016215793787096,-5,-0.4,1
2023,2,4.900442408027359,3.1381553439655647,0.08468699618446907,8,0.0,1
2023,3,9.57514671210663,2.1390074077006602,-0.011786524133485687,4,0.4,1
2023,3,2.811870573744855,-8.236447226154596,-0.145491687065758,-5,0.5,1
2023,3,8.252408836559155,-10.504699666101573,-0.033969453206466604,-1,0.0,1
2023,3,1.7967310344496497,-1.7629302278163266,0.05767995422402217,-4,0.0,0
2023,3,5.892779669684643,7.762914424975719,0.2626881579007888,9,-0.09999999999999998,1
2023,3,1.8354324974209248,-10.605104685351677,0.03823559766737039,-4,-0.09999999999999998,1
2023,3,-5.3079587978085385,-0.49942029713366765,-0.03058149183130099,-4,0.09999999999999998,1
2023,3,-1.9531245369714867,6.715303186213859,0.03422615591978917,1,0.09999999999999998,1
2023,4,-1.6884143787496555,7.776926406083476,0.044497339115480594,-1,-0.09999999999999998,1
2023,4,1.4011145312590259,-1.0856274919264735,-0.17201704341098067,-6,0.4,1
2023,4,3.085008936586803,-9.113031782777384,-0.08143594502537677,-3,0.10000000000000009,1
2023,4,-4.227755736234144,3.71791636302828,-0.02350714182703917,1,0.30000000000000004,1
2023,5,2.336119332503344,9.66421012756318,0.044489557203090335,1,0.0,1
2023,5,-3.249982947201886,6.238349817543508,0.1638329533128885,4,0.0,1
2023,6,10.705269488393569,-1.6820858222482968,-0.00171825128511216,1,-0.09999999999999998,1
2024,0,-8.69262370786025,4.5117243693423035,0.027702345371651393,0,0.0,0
2024,0,8.473501223836749,-8.390669321706483,0.013359084532883203,0,0.20000000000000007,0
2024,0,4.6276412360926855,-0.8419159708690387,0.051242527348806854,0,0.20000000000000007,1
2024,0,-4.648793479141446,0.6911940162501509,-0.0019284655119107819,0,0.30000000000000004,1
2024,1,-15.387075446733164,-14.398689952839021,-0.2857262446420904,-13,-0.19999999999999996,0
2024,1,16.50937509878291,4.909310632630209,0.2893267740632739,11,0.09999999999999998,1
2024,1,-1.7267885650465615,2.5022011313167525,-0.05759792334021163,-3,0.20000000000000007,0
2024,1,12.823190762303355,-2.900239193550476,0.0631990844750806,5,-0.30000000000000004,0
2024,1,-12.567665271113697,-2.564817303685018,-0.2655099803012606,-7,0.09999999999999998,0
2024,1,-18.23003318254284,-2.79586880633002,-0.3911835032534924,-11,-0.10000000000000009,0
2024,1,-5.363182688017957,-17.52537595506412,-0.2743142819518282,-13,0.09999999999999998,0
2024,1,1.2303387842428322,8.91603516918245,0.31254758547049327,9,-0.4,1
2024,1,-1.0670084483326008,-2.021576558459415,-0.03936014240647856,1,0.0,0
2024,1,-2.6573575632196906,0.20660105629556824,0.003374593626628841,-5,0.0,1
2024,1,22.983807245837852,10.976830318420198,0.4333374757182381,15,0.20000000000000007,1
2024,1,13.865326298381518,1.9294613494830912,0.19583152575206852,11,-0.10000000000000009,0
2024,1,0.7787093797536357,-0.43897778822326927,-0.05611059749064007,5,-0.09999999999999998,0
2024,1,18.94505150546084,10.729776522161444,0.35830747955332426,13,-0.10000000000000009,1
2024,1,-3.833840148257323,-0.32033732129100656,-0.04462808577329136,-3,0.0,0
2024,1,1.926187217097592,-3.3802654426720977,-0.11364868764708091,-3,0.20000000000000007,0
2024,1,12.299843654165713,3.001006842376171,0.3238509939266255,9,-0.5,1
2024,1,19.681242797831118,1.9673960849008552,0.37733130165408085,11,-0.30000000000000004,1
2024,1,-3.757150748118363,1.4183855469329103,-0.11448452217661431,-5,0.0,0
2024,1,-2.2445610197869144,1.5602949511898316,-0.012979774577381309,-3,0.20000000000000007,1
2024,1,-20.023784909352884,-23.011515778056193,-0.325489143987302,-15,-0.09999999999999998,0
2024,1,-16.9727057670068,-3.2704325021935006,-0.28849239497998497,-9,0.30000000000000004,0
2024,1,4.147311478365069,4.734780656545851,0.07628592835063408,7,0.09999999999999998,0
2024,1,15.518571536893518,19.08725985156731,0.3470680339809723,15,0.20000000000000007,1
2024,1,-6.98246692708058,-1.5604141598108043,-0.36531511421003965,-7,0.5,1
2024,1,13.149444342496253,6.90759766787032,0.33629457516265715,13,0.0,1
2024,1,-0.9908743012604759,3.6403063321356797,0.06311389712941962,-1,-0.09999999999999998,1
2024,1,27.08217149331557,11.953102509254805,0.4111216344364811,15,-0.09999999999999998,1
2024,1,1.2272710544988428,-12.427928406244945,-0.08498292735240542,-7,0.09999999999999998,0
2024,1,-1.720697759822059,3.168258299498504,-0.034477467423311925,1,0.19999999999999996,0
2024,1,-0.8588508544929851,3.140291282571539,0.06830532396846889,-1,-0.30000000000000004,0
2024,1,11.103307400428363,8.053639912028942,0.1800884355525365,9,0.10000000000000009,0
2024,2,3.768306481860037,7.335386922488695,0.0808656392367395,5,0.09999999999999998,1
2024,2,-7.4765710104752685,-2.6184087911524188,-0.01457976074233358,-8,0.0,0
2024,2,9.805301297175362,-4.846657480433109,-0.14530573896857546,-1,0.5,1
2024,2,-18.68912325764532,4.028829742487247,-0.11308185033150886,-8,0.09999999999999998,0
2024,2,0.7669532328886817,9.04870675037192,0.013792759088501305,5,0.10000000000000009,1
2024,2,5.367523830906279,5.479756846319688,0.22779399150397062,3,-0.20000000000000007,1
2024,2,-5.862396279260537,0.789756098498799,0.018640119666165855,-8,-0.30000000000000004,0
2024,2,0.7096961244310194,-6.083940497401954,-0.04431231401955438,-5,-0.19999999999999996,0
2024,2,-14.862674244941914,3.667305729454597,-0.29158435165033436,-8,0.30000000000000004,0
2024,2,4.8967905471043025,-3.5575924916189194,-0.011208140473301209,3,0.0,0
2024,2,12.304798707984048,7.556056826444319,0.014407560360891969,8,0.30000000000000004,1
2024,2,-9.423327388441038,-5.2264248299622835,-0.29640774005520615,-8,0.30000000000000004,0
2024,2,-1.9378386584296265,-13.544585084722499,0.0017858329480163748,-8,-0.4,0
2024,2,0.32728663571485583,3.7480165873854077,0.050834579591528595,8,-0.20000000000000007,1
2024,2,-11.167580634204143,-6.837675947719816,-0.17861862354448355,-7,0.0,0
2024,2,-2.0616421498606883,-6.98323521015125,-0.16183719626956738,-8,0.09999999999999998,0
2024,3,-6.8738445210289,8.211102750497318,-0.04251259710502597,3,0.30000000000000004,0
2024,3,2.8530385070267243,4.134559880519745,-0.005709076153491033,4,0.09999999999999998,0
2024,3,-15.996190811300963,-2.871602747862269,-0.026545578803453984,-4,-0.30000000000000004,0
2024,3,12.090081448632077,-13.402226805568603,0.04326349129265472,-1,0.0,1
2024,3,-1.622934570442638,8.992580241730195,0.021308930553465943,3,0.20000000000000007,0
2024,3,4.399405695159743,4.23459659806548,0.04384655503283841,9,0.0,0
2024,3,-2.468878781622749,-4.606378718120581,-0.1886291104523733,-4,0.09999999999999998,0
2024,3,5.765567665913636,-6.6142821245097565,-0.02060772867874494,-1,0.0,0
2024,4,-8.409888742643602,5.084194944909356,-0.038364056951862735,-2,0.09999999999999998,0
2024,4,2.263760996216206,9.80010934341864,-0.01831088156224836,2,0.09999999999999998,1
2024,4,7.035244488526004,3.6349944246897934,-0.006431050331533572,7,0.09999999999999998,0
2024,4,10.107078103110169,-4.018890275152401,0.03115744639628326,1,0.10000000000000009,1
2024,5,1.9007451245928877,11.213733670950077,-0.07473976426925688,3,0.4,1
2024,5,-11.78979942659393,-4.646677275651115,-0.06871178609198358,-10,-0.20000000000000007,0
2024,6,-1.9459161071794,-3.190222043759036,0.0697999851590424,0,-0.09999999999999998,0
2025,0,-0.6052723487917149,-2.700897213531235,-0.018283918747080907,0,-0.09999999999999998,0
2025,0,-10.42531094355924,4.014366735599779,-0.06637055222968258,0,-0.20000000000000007,0
2025,0,-1.4442198418669676,0.9327272581656416,0.027721677898154606,0,0.0,1
2025,0,0.5889361247278799,-2.044548047154308,0.03627705439673479,0,-0.4,0
2025,1,2.320983226291034,1.788554183951689,0.05729621953034758,3,-0.09999999999999998,0
2025,1,-26.828081695019605,-16.27643734260552,-0.46278585796348526,-15,0.20000000000000007,0
2025,1,-10.834353330000582,3.537084635500605,-0.19107481786884473,-5,0.0,0
2025,1,-0.4503853684355903,2.7644638911532837,-0.022960193651129335,1,0.30000000000000004,0
2025,1,12.810223034760085,-3.497195263897382,0.18923999648231554,5,-0.4,0
2025,1,9.078743663899644,0.2514026002474594,-0.045666604982657844,1,0.4,1
2025,1,23.65951706908487,18.555322593335887,0.47689321461020817,15,0.30000000000000004,1
2025,1,3.4438036768720224,4.160260760934165,0.19114237484516305,7,-0.09999999999999998,0
2025,1,-2.7398865296065793,-3.6109577328062272,-0.37179598967763683,-7,0.4,0
2025,1,-7.8911978619933905,-8.784269461539864,-0.4384214489154993,-9,0.6,0
2025,1,0.8550752893009985,19.04992430670586,0.24533326684748458,13,0.09999999999999998,1
2025,1,-8.193312956299778,-18.057012084036145,-0.3264947087121626,-13,0.0,0
2025,1,2.0359354774659835,9.8972296315048,0.3567618742115834,9,-0.4,1
2025,1,-13.719749056265329,-9.09263771092914,-0.3486435472831542,-11,0.10000000000000009,0
2025,1,3.3333910630715593,-11.08367018136883,-0.11554129353675013,-3,0.0,0
2025,1,-11.22061273152137,-12.279894631990885,-0.3168101960433624,-11,0.30000000000000004,0
2025,1,-21.00218778747478,-7.9749350026301045,-0.46101089232775705,-13,0.5,0
2025,1,11.449060958157617,9.456939274088242,0.38499863560785175,9,-0.4,1
2025,1,2.886987947493097,-1.0763043727239392,0.01949384804109644,-1,0.0,1
2025,1,-5.239136642940991,-0.3532637325517527,0.006232981821658545,7,-0.09999999999999998,0
2025,1,-4.01064759952402,0.3620099544572639,0.028432552051046445,-1,-0.29999999999999993,0
2025,1,30.295958867281513,15.73405998023756,0.3675742861847044,15,0.19999999999999996,1
2025,1,20.952948902142495,15.539983127733137,0.4125754954249302,15,0.09999999999999998,1
2025,1,5.688339055867601,0.46398303663855245,0.08485888099932282,5,-0.20000000000000007,1
2025,1,9.321784351011658,11.009169604861228,0.3493003331434362,11,-0.30000000000000004,1
2025,1,-16.908410548821934,-1.7563847248302409,-0.3465023949103896,-11,0.20000000000000007,0
2025,1,10.764115730109225,8.060799191230856,0.27745542832181985,9,-0.09999999999999998,1
2025,1,-11.28922825559654,-13.167987139575004,-0.41445010874845567,-13,0.09999999999999998,0
2025,1,-0.046775753243622376,2.7801537141917834,0.042275567129010705,5,-0.30000000000000004,1
2025,1,-4.157997720070497,1.6082951492124664,-0.094991347090293,-3,0.19999999999999996,1
2025,1,4.400775852989199,2.822627335881279,0.2845848141732001,7,-0.09999999999999998,1
2025,1,-4.45528062268788,8.166942221776267,-0.07629956699772444,3,0.4,1
2025,2,0.7652631817266382,-5.480966290792395,0.04439169990834191,-8,-0.30000000000000004,1
2025,2,-9.27377134228064,-5.713711324978718,-0.08265257876527488,-8,-0.09999999999999998,0
2025,2,-3.6854516990818382,3.4593551506677613,0.025016792490259565,3,-0.30000000000000004,0
2025,2,-0.1087430871998265,9.36097001949895,0.1173930670379385,7,0.09999999999999998,1
2025,2,-0.3170184834934844,0.26688534751249904,0.0042391810775864736,-1,0.09999999999999998,1
2025,2,-11.741240818222309,-0.3260261471291841,-0.3266298657449497,-8,0.6,0
2025,2,2.2158431631611393,2.4597628559473037,0.044708017585237014,5,0.09999999999999998,1
2025,2,12.960412527885524,0.161423271427779,0.22825884109226052,8,-0.20000000000000007,1
2025,2,-13.592318241607941,3.6554382225630206,-0.21492586703896488,-5,0.30000000000000004,0
2025,2,8.449145739483,-1.177818271547764,0.015861554989139104,1,-0.30000000000000004,1
2025,2,9.25516083414307,8.296698207203264,-0.05992889520091804,8,0.6,1
2025,2,-7.008092402879953,-7.040633567312142,-0.05501768815871255,-7,-0.20000000000000007,0
2025,2,-0.9191593173980976,0.00847774684221747,-0.008720723894239168,-3,0.0,0
2025,2,-1.2375721208358215,-6.883650102616997,-0.06910223897780288,-8,0.19999999999999996,0
2025,2,4.950469561140224,3.0949376137496785,0.12599328146097855,8,0.10000000000000009,1
2025,2,0.045237138641908814,3.7373220388063544,-0.01908632743753169,3,0.09999999999999998,0
2025,3,-0.9423843174682531,-3.595046434287923,-0.11552495914749561,-4,0.4,0
2025,3,-5.650210454893909,-5.391664139421067,0.07748411491874008,-3,-0.5,0
2025,3,-9.16372864543196,2.088511551354955,-0.04968739275647849,-3,-0.09999999999999998,0
2025,3,-12.341883427191846,2.0624257525880267,0.0003294001966281934,-7,-0.09999999999999998,0
2025,3,-11.972978374846008,-0.9648066881820938,-0.015664392445680186,-4,-0.09999999999999998,0
2025,3,-0.909991116389449,12.027066994489473,-0.02346158762314743,3,0.6,1
2025,3,-2.0001651150350312,4.712015053673525,-0.0037379980251437406,4,0.30000000000000004,1
2025,3,3.271001155937114,-6.618060590026502,0.013631550035711704,-1,-0.09999999999999998,0
2025,4,-2.829814891900213,-4.60887709371022,0.12938178643789267,-1,-0.5,0
2025,4,-1.722779050458314,-3.396547673658759,-0.017860018678664935,-2,-0.20000000000000007,0
2025,4,10.419287347390181,-0.6423653023972093,0.05541195711105906,1,-0.10000000000000009,1
2025,4,4.534293586360974,4.530020486964872,0.017229429487294556,1,0.30000000000000004,1
2025,5,0.10347323485787285,-1.206668204683396,-0.05809762837844701,0,0.20000000000000007,1
2025,5,-5.875621050339191,4.666522019758389,0.07161252056193457,0,0.0,1
2025,6,3.093677982782282,-6.832796494904812,-0.028830124308432126,0,-0.09999999999999998,1
